#	Time_ps	4.5	5	5.5	6	6.5	7	7.5	8	8.5	9	9.5	10	10.5	11	11.5	12	12.5	13	13.5	14	14.5	15	15.5	16	16.5	17	17.5	18	18.5	19	19.5	20	20.5	21	21.5	22	22.5	23	23.5	24	24.5	25	25.5	26	26.5	27	27.5	28	28.5	29	29.5	30
0	0	0	0	0	1	2	5	12	14	16	17	19	25	27	30	33	38	42	48	50	54	57	61	68	73	78	82	82	84	86	86	86	87	88	88	88	88	88	88	88	88	88	88	88	88	88	88	88	88	88	88	88	
10	0	0	0	0	1	3	4	10	15	17	19	21	23	25	28	29	36	39	48	51	54	58	67	70	75	78	82	82	85	86	86	86	86	87	87	87	87	88	88	88	88	88	88	88	88	88	88	88	88	88	88	88	
20	0	0	0	0	0	2	7	12	15	18	19	23	23	25	29	34	38	43	47	53	56	64	67	70	76	77	80	82	84	85	85	86	86	87	87	88	88	88	88	88	88	88	88	88	88	88	88	88	88	88	88	88	
30	0	0	0	0	2	3	7	12	16	18	19	21	24	28	31	32	37	43	47	49	56	63	68	73	77	79	80	85	86	86	86	86	86	86	87	87	87	88	88	88	88	88	88	88	88	88	88	88	88	88	88	88	
40	0	0	0	0	0	5	8	12	15	15	18	20	22	26	30	33	37	43	48	52	57	62	67	71	74	80	84	85	86	86	86	87	87	87	87	88	88	88	88	88	88	88	88	88	88	88	88	88	88	88	88	88	
50	0	0	0	0	1	5	7	12	14	17	18	21	22	26	29	31	39	41	46	51	58	61	66	72	74	76	80	85	86	86	86	87	87	87	88	88	88	88	88	88	88	88	88	88	88	88	88	88	88	88	88	88	
60	0	0	0	0	3	4	7	11	16	17	18	21	22	26	31	35	39	46	49	55	57	60	65	67	70	77	81	82	84	84	85	85	86	87	87	87	87	87	87	87	87	87	87	87	87	87	87	87	87	87	87	87	
70	0	0	0	0	1	3	6	10	16	18	21	22	22	26	30	34	40	45	50	54	56	62	67	70	77	82	82	85	85	86	87	87	87	87	87	88	88	88	88	88	88	88	88	88	88	88	88	88	88	88	88	88	
80	0	0	0	0	1	2	6	11	16	19	20	22	23	26	27	32	36	43	46	48	53	60	64	71	77	79	83	85	86	86	87	88	88	88	88	88	88	88	88	88	88	88	88	88	88	88	88	88	88	88	88	88	
90	0	0	0	0	1	5	8	13	16	18	20	21	25	26	28	34	39	41	47	49	54	61	68	72	76	77	80	83	85	85	87	87	87	87	87	87	87	87	87	87	87	87	87	87	87	87	87	87	87	87	87	87	
100	0	0	0	1	1	1	4	11	17	18	19	20	22	26	28	30	35	38	47	50	53	59	67	73	74	78	79	83	83	84	87	87	87	87	87	87	87	87	87	87	87	87	87	87	87	87	87	87	87	87	87	87	
110	0	0	0	0	1	2	6	11	16	18	19	20	21	23	27	29	34	40	44	49	55	59	66	72	77	79	81	83	84	86	87	87	87	87	87	87	87	87	87	87	87	87	87	87	87	87	87	87	87	87	87	87	
120	0	0	0	0	1	3	5	9	15	17	19	21	22	24	26	31	37	41	48	52	57	61	66	72	76	80	83	85	86	86	86	87	87	87	87	87	87	87	87	87	87	87	87	87	87	87	87	87	87	87	87	87	
130	0	0	0	0	2	5	9	12	12	15	17	20	22	26	27	30	37	38	44	49	56	62	64	71	75	79	83	84	85	86	87	87	87	87	87	87	87	87	87	87	87	87	87	87	87	87	87	87	87	87	87	87	
140	0	0	0	1	1	4	6	7	12	16	17	21	23	25	27	28	35	39	46	52	57	60	65	70	74	80	82	83	84	86	87	87	87	87	87	87	87	87	87	87	87	87	87	87	87	87	87	87	87	87	87	87	
150	0	0	0	0	1	2	7	10	13	15	20	22	23	25	26	28	33	41	45	52	57	62	66	73	78	78	80	82	84	86	86	86	87	87	87	87	87	87	87	87	87	87	87	87	87	87	87	87	87	87	87	87	
160	0	0	0	0	0	2	4	10	14	16	19	19	24	26	26	30	36	39	45	53	59	62	66	73	77	81	82	86	86	87	87	87	87	88	88	88	88	88	88	88	88	88	88	88	88	88	88	88	88	88	88	88	
170	0	0	0	0	1	1	4	9	13	18	19	23	24	28	29	30	39	43	45	46	55	63	68	71	76	78	83	85	85	86	86	86	86	87	87	87	87	87	87	87	87	87	87	87	87	87	87	87	87	87	87	87	
180	0	0	0	0	0	1	5	8	14	17	21	23	23	28	29	31	33	37	47	47	54	57	63	68	75	80	85	86	86	87	87	87	87	87	87	87	87	87	87	87	87	87	87	87	87	87	87	87	87	87	87	87	
190	0	0	0	0	2	4	6	8	15	16	20	22	26	26	32	33	37	43	47	53	57	62	68	72	77	81	84	84	84	86	87	87	87	87	87	87	87	87	87	87	87	87	87	87	87	87	87	87	87	87	87	87	
200	0	0	0	0	1	6	7	9	14	18	20	24	28	30	31	37	41	42	44	50	52	56	64	69	76	82	84	86	86	86	87	88	88	88	88	88	88	88	88	88	88	88	88	88	88	88	88	88	88	88	88	88	
210	0	0	0	0	1	4	8	11	14	16	20	22	24	27	30	33	38	41	45	50	56	60	64	69	71	77	83	85	85	86	86	86	87	87	87	87	87	87	87	87	87	87	87	87	87	87	87	87	87	87	87	87	
220	0	0	0	0	2	4	7	13	14	19	19	20	23	25	29	31	35	44	45	47	52	58	62	70	75	80	82	84	85	86	86	86	87	87	87	87	87	87	87	87	87	87	87	87	87	87	87	87	87	87	87	87	
230	0	0	0	0	2	3	7	12	16	18	20	22	25	27	31	33	36	39	48	51	55	59	63	69	76	79	82	84	85	85	85	85	86	86	86	86	86	86	86	86	86	86	86	86	86	86	86	86	86	86	86	86	
240	0	0	0	0	0	2	9	14	17	19	20	23	24	26	28	31	34	37	40	46	52	59	65	70	74	80	81	83	84	85	85	85	85	86	86	86	86	86	86	86	86	86	86	86	86	86	86	86	86	86	86	86	
250	0	0	0	0	2	5	9	10	15	17	21	22	25	27	29	30	36	38	44	48	54	59	65	70	74	79	81	85	86	87	87	87	87	87	87	87	87	87	87	87	87	87	87	87	87	87	87	87	87	87	87	87	
260	0	0	0	0	1	6	8	11	12	18	18	25	26	26	30	30	34	41	46	51	52	56	65	68	72	79	82	82	85	86	86	87	87	87	87	87	87	87	87	87	87	87	87	87	87	87	87	87	87	87	87	87	
270	0	0	0	1	2	5	9	14	16	17	23	23	25	25	28	34	38	43	47	48	54	56	58	67	73	80	84	86	86	86	86	86	87	87	87	87	87	87	87	87	87	87	87	87	87	87	87	87	87	87	87	87	
280	0	0	0	0	0	4	6	11	17	21	23	24	26	26	28	31	33	43	44	48	51	59	65	68	73	77	83	86	86	86	86	87	87	87	87	87	87	87	87	87	87	87	87	87	87	87	87	87	87	87	87	87	
290	0	0	0	0	2	5	7	12	17	19	20	22	25	27	30	33	35	39	42	46	52	56	63	65	73	76	81	85	88	88	88	88	88	88	88	88	88	88	88	88	88	88	88	88	88	88	88	88	88	88	88	88	
300	0	0	0	0	1	6	8	10	14	19	20	24	25	26	28	32	35	43	46	50	52	56	63	67	71	77	81	83	86	87	87	87	87	87	87	87	87	87	87	87	87	87	87	87	87	87	87	87	87	87	87	87	
310	0	0	0	0	2	5	8	10	15	16	19	23	24	24	27	31	33	38	40	46	51	59	61	66	74	79	82	86	86	87	88	88	88	88	88	88	88	88	88	88	88	88	88	88	88	88	88	88	88	88	88	88	
320	0	0	0	0	1	5	9	14	14	18	22	24	24	25	31	32	33	39	42	45	50	59	62	67	74	77	81	83	84	85	86	87	87	87	87	87	87	87	87	87	87	87	87	87	87	87	87	87	87	87	87	87	
330	0	0	0	0	2	5	11	13	14	19	22	24	26	27	31	36	38	41	46	50	59	61	66	68	73	77	79	82	83	83	85	86	86	87	87	87	87	87	87	87	87	87	87	87	87	87	87	87	87	87	87	87	
340	0	0	0	0	2	5	7	12	14	19	22	24	25	26	28	33	35	41	45	49	55	59	63	69	73	76	80	82	83	84	85	86	86	86	86	87	87	87	87	87	87	87	87	87	87	87	87	87	87	87	87	87	
350	0	0	0	0	4	4	7	9	14	16	21	24	26	28	30	34	37	45	49	54	57	62	63	66	71	79	82	84	85	85	86	86	86	87	87	87	87	87	87	87	87	87	87	87	87	87	87	87	87	87	87	87	
360	0	0	0	0	0	2	7	11	15	16	22	22	26	27	33	35	37	40	43	46	51	57	67	69	73	75	77	83	85	86	86	87	87	87	87	87	87	87	87	87	87	87	87	87	87	87	87	87	87	87	87	87	
370	0	0	0	1	2	3	6	12	17	18	22	23	23	28	33	34	39	41	46	51	56	61	67	69	71	77	80	84	86	86	86	86	87	87	87	87	87	87	87	87	87	87	87	87	87	87	87	87	87	87	87	87	
380	0	0	0	0	1	5	9	11	15	17	20	22	22	27	29	35	39	42	46	50	54	60	66	70	73	79	80	83	85	86	86	86	86	87	87	87	87	87	87	87	87	87	87	87	87	87	87	87	87	87	87	87	
390	0	0	0	0	4	7	9	13	15	17	21	21	24	26	29	33	37	42	46	49	54	62	67	70	77	77	83	87	87	88	89	89	89	89	89	89	89	89	89	89	89	89	89	89	89	89	89	89	89	89	89	89	
400	0	0	0	0	0	5	8	10	12	15	18	20	24	32	34	35	38	40	44	48	54	62	67	71	74	78	81	84	85	87	87	87	88	88	88	88	88	88	88	88	88	88	88	88	88	88	88	88	88	88	88	88	
410	0	0	0	0	1	4	7	8	14	16	19	22	25	28	32	37	40	43	45	49	53	58	62	69	76	78	82	84	86	88	88	88	88	88	88	88	88	88	88	88	88	88	88	88	88	88	88	88	88	88	88	88	
420	0	0	0	0	2	4	10	12	13	16	19	20	25	28	34	37	39	41	44	50	54	59	64	72	77	79	81	84	85	86	87	88	88	88	88	88	88	88	88	88	88	88	88	88	88	88	88	88	88	88	88	88	
430	0	0	0	0	2	7	7	10	15	18	19	21	27	29	34	38	42	46	50	52	53	56	60	67	73	78	81	84	87	87	87	87	88	88	88	88	88	88	88	88	88	88	88	88	88	88	88	88	88	88	88	88	
440	0	0	0	0	0	4	7	11	14	16	20	23	25	28	30	35	39	42	47	51	54	60	63	66	70	76	82	83	86	86	86	87	87	87	87	87	87	87	87	87	87	87	87	87	87	87	87	87	87	87	87	87	
450	0	0	0	0	1	2	8	9	14	15	22	25	27	28	31	33	34	43	50	52	55	58	65	70	73	76	80	85	86	86	86	87	87	87	87	87	87	87	87	87	87	87	87	87	87	87	87	87	87	87	87	87	
460	0	0	0	0	1	3	8	11	14	18	25	27	27	28	33	35	36	40	47	51	57	60	66	67	71	75	81	84	85	85	85	86	86	86	86	86	86	86	86	86	86	86	86	86	86	86	86	86	86	86	86	86	
470	0	0	0	0	1	3	6	12	16	19	22	25	29	30	31	34	38	42	47	51	56	60	64	67	73	77	82	82	85	86	86	87	87	87	87	87	87	87	87	87	87	87	87	87	87	87	87	87	87	87	87	87	
480	0	0	0	0	1	4	8	11	13	16	19	21	26	29	32	36	38	42	47	49	53	61	63	67	77	82	84	85	86	86	86	86	86	87	87	87	87	87	87	87	87	87	87	87	87	87	87	87	87	87	87	87	
490	0	0	0	0	2	6	7	12	14	18	22	22	25	27	29	29	36	38	43	50	52	58	65	72	75	80	85	85	86	86	86	86	87	87	87	87	87	87	87	87	87	87	87	87	87	87	87	87	87	87	87	87	
500	0	0	0	0	0	3	8	11	15	17	20	24	27	28	28	31	35	39	50	52	55	61	68	73	77	81	83	84	85	85	86	86	86	86	86	86	86	86	86	86	86	86	86	86	86	86	86	86	86	86	86	86	
510	0	0	0	0	0	4	7	12	15	18	20	22	24	25	28	33	37	41	46	51	54	59	65	72	77	82	84	86	86	87	87	87	87	87	87	87	87	87	87	87	87	87	87	87	87	87	87	87	87	87	87	87	
520	0	0	0	0	2	3	8	10	15	15	18	22	24	26	31	34	37	39	43	46	57	60	63	73	77	80	86	86	87	87	87	87	87	87	87	87	87	87	87	87	87	87	87	87	87	87	87	87	87	87	87	87	
530	0	0	0	0	2	5	8	14	15	16	18	23	25	27	29	33	37	41	44	49	53	60	64	72	76	81	85	85	85	87	87	87	87	87	87	87	87	87	87	87	87	87	87	87	87	87	87	87	87	87	87	87	
540	0	0	0	1	2	3	7	8	13	16	18	21	22	30	32	32	37	42	43	47	52	60	68	74	76	79	81	84	87	87	87	87	87	87	87	87	87	87	87	87	87	87	87	87	87	87	87	87	87	87	87	87	
550	0	0	0	1	1	2	6	9	13	16	17	19	22	24	25	32	37	40	43	50	55	59	68	76	77	80	83	83	87	88	88	88	88	88	88	88	88	88	88	88	88	88	88	88	88	88	88	88	88	88	88	88	
560	0	0	0	0	2	4	7	10	14	17	20	21	24	26	29	35	38	41	44	52	56	64	68	75	79	83	83	84	88	88	88	88	88	88	88	88	88	88	88	88	88	88	88	88	88	88	88	88	88	88	88	88	
570	0	0	0	1	1	2	7	9	13	15	17	22	23	26	28	35	38	41	44	49	52	61	66	72	79	80	81	84	85	86	88	88	88	88	88	88	88	88	88	88	88	88	88	88	88	88	88	88	88	88	88	88	
580	0	0	0	0	2	4	8	11	14	14	20	23	23	25	29	33	36	38	47	52	61	62	68	75	77	79	82	82	86	86	86	87	88	88	88	88	88	88	88	88	88	88	88	88	88	88	88	88	88	88	88	88	
590	0	0	0	0	0	4	7	8	13	16	19	21	24	27	30	32	35	40	46	48	55	66	67	72	76	81	82	84	85	87	87	87	87	87	87	87	87	87	87	87	87	87	87	87	87	87	87	87	87	87	87	87	
600	0	0	0	1	1	5	6	8	11	16	21	21	23	24	28	34	38	39	41	47	56	61	66	74	79	80	83	85	86	87	87	87	87	87	87	87	87	87	87	87	87	87	87	87	87	87	87	87	87	87	87	87	
610	0	0	0	1	2	2	5	12	16	18	19	22	24	25	28	32	36	40	42	48	56	60	69	75	80	82	82	83	85	87	87	87	87	87	87	87	87	87	87	87	87	87	87	87	87	87	87	87	87	87	87	87	
620	0	0	0	0	2	2	6	11	12	15	20	21	24	27	29	31	38	43	48	54	58	64	73	78	81	83	84	84	86	87	87	87	87	87	87	87	87	87	87	87	87	87	87	87	87	87	87	87	87	87	87	87	
630	0	0	0	0	1	4	7	10	15	15	19	23	26	27	28	33	36	38	42	48	55	62	66	74	79	82	84	85	86	86	87	87	87	87	87	87	87	87	87	87	87	87	87	87	87	87	87	87	87	87	87	87	
640	0	0	0	0	2	5	11	12	14	18	19	23	23	25	26	31	35	40	43	46	54	58	66	71	77	83	85	85	87	87	87	87	87	87	87	87	87	87	87	87	87	87	87	87	87	87	87	87	87	87	87	87	
650	0	0	0	0	2	4	6	12	12	17	20	23	25	27	27	30	34	38	41	46	53	58	64	69	76	82	83	85	85	85	85	86	86	86	86	86	86	86	86	86	86	86	86	86	86	86	86	86	86	86	86	86	
660	0	0	0	0	3	4	7	11	15	20	22	24	25	27	28	32	33	38	43	50	55	55	63	75	81	83	86	87	88	88	88	88	88	88	88	88	88	88	88	88	88	88	88	88	88	88	88	88	88	88	88	88	
670	0	0	0	0	1	6	6	11	16	22	23	24	25	26	29	32	34	39	42	45	49	55	59	70	80	83	84	84	86	86	87	87	87	87	87	87	87	87	87	87	87	87	87	87	87	87	87	87	87	87	87	87	
680	0	0	0	0	2	5	8	13	17	22	24	26	26	27	29	32	37	42	44	47	48	54	61	69	75	77	83	85	87	87	87	87	87	87	87	87	87	87	87	87	87	87	87	87	87	87	87	87	87	87	87	87	
690	0	0	0	0	1	3	7	10	17	19	22	25	26	29	31	33	35	38	41	43	48	53	62	72	77	80	82	85	86	86	86	86	86	86	86	86	86	86	86	86	86	86	86	86	86	86	86	86	86	86	86	86	
700	0	0	0	0	2	6	8	11	16	19	23	24	28	29	31	35	37	40	46	48	50	57	63	68	73	80	83	85	86	86	86	86	86	86	86	86	86	86	86	86	86	86	86	86	86	86	86	86	86	86	86	86	
710	0	0	0	0	1	5	13	14	16	19	23	23	25	26	32	36	41	43	45	49	53	56	62	65	72	75	80	82	84	86	86	86	86	86	86	86	86	86	86	86	86	86	86	86	86	86	86	86	86	86	86	86	
720	0	0	0	0	2	6	9	14	16	19	20	20	24	28	32	38	42	43	44	47	50	55	59	68	73	79	82	84	87	87	87	87	87	87	87	87	87	87	87	87	87	87	87	87	87	87	87	87	87	87	87	87	
730	0	0	0	0	0	4	7	11	17	18	21	23	24	28	31	38	39	44	47	50	51	55	58	66	73	76	80	83	85	86	86	86	86	86	86	86	86	86	86	86	86	86	86	86	86	86	86	86	86	86	86	86	
740	0	0	0	0	0	2	6	9	15	17	20	23	25	27	30	36	41	44	46	48	51	55	56	60	70	74	81	84	86	86	86	86	86	86	86	86	86	86	86	86	86	86	86	86	86	86	86	86	86	86	86	86	
750	0	0	0	0	1	3	9	13	15	18	20	22	25	26	28	31	37	40	44	48	50	53	62	67	72	76	81	84	85	86	86	86	86	86	86	86	86	86	86	86	86	86	86	86	86	86	86	86	86	86	86	86	
760	0	0	0	0	0	7	13	15	16	18	20	25	25	26	29	34	40	43	45	48	53	53	60	66	73	74	80	82	86	86	86	86	86	86	86	86	86	86	86	86	86	86	86	86	86	86	86	86	86	86	86	86	
770	0	0	0	0	3	10	12	13	14	17	22	25	26	28	31	34	38	43	46	51	53	58	65	70	76	81	83	85	86	87	87	87	87	87	87	87	87	87	87	87	87	87	87	87	87	87	87	87	87	87	87	87	
780	0	0	0	0	3	8	9	13	15	17	21	23	26	27	29	33	38	41	45	49	54	59	64	68	70	76	80	85	86	86	87	87	87	87	87	87	87	87	87	87	87	87	87	87	87	87	87	87	87	87	87	87	
790	0	0	0	0	4	5	10	12	14	17	21	23	25	26	28	31	37	39	47	50	53	58	63	70	75	78	80	84	85	86	86	86	86	86	86	86	86	86	86	86	86	86	86	86	86	86	86	86	86	86	86	86	
800	0	0	0	0	3	6	8	12	14	17	21	23	24	28	29	32	35	39	41	49	53	58	65	68	75	82	83	85	86	86	86	86	86	86	86	86	86	86	86	86	86	86	86	86	86	86	86	86	86	86	86	86	
810	0	0	0	0	4	10	10	12	14	18	21	22	25	27	30	32	35	39	42	45	52	58	62	70	74	81	85	85	85	85	86	86	86	86	86	86	86	86	86	86	86	86	86	86	86	86	86	86	86	86	86	86	
820	0	0	0	0	1	5	11	13	13	17	20	22	24	28	29	30	35	40	44	48	53	59	64	67	70	74	78	83	86	86	86	86	86	86	86	86	86	86	86	86	86	86	86	86	86	86	86	86	86	86	86	86	
830	0	0	0	1	3	8	11	12	13	16	19	21	24	27	29	33	39	42	45	48	56	60	63	67	70	75	80	84	86	86	86	86	86	86	86	86	86	86	86	86	86	86	86	86	86	86	86	86	86	86	86	86	
840	0	0	0	1	3	6	10	12	14	15	17	21	24	25	26	31	35	39	44	47	50	57	61	68	71	76	77	85	85	86	86	86	86	86	86	86	86	86	86	86	86	86	86	86	86	86	86	86	86	86	86	86	
850	0	0	0	0	3	5	11	14	14	15	19	25	25	26	28	31	36	38	41	46	51	56	62	67	70	77	84	85	86	86	86	86	86	86	86	86	86	86	86	86	86	86	86	86	86	86	86	86	86	86	86	86	
860	0	0	0	1	4	6	9	10	14	18	21	23	24	26	26	29	38	41	44	50	56	59	63	67	70	79	82	82	86	86	86	86	86	86	86	86	86	86	86	86	86	86	86	86	86	86	86	86	86	86	86	86	
870	0	0	0	1	2	6	10	13	17	18	20	21	23	24	28	29	35	43	46	52	55	56	61	70	75	77	80	85	86	86	86	86	86	86	86	86	86	86	86	86	86	86	86	86	86	86	86	86	86	86	86	86	
880	0	0	0	1	1	2	8	12	15	17	21	21	23	25	26	30	36	41	45	50	54	58	63	66	74	84	86	86	86	86	86	86	86	86	86	86	86	86	86	86	86	86	86	86	86	86	86	86	86	86	86	86	
890	0	0	0	2	2	5	8	12	14	17	18	20	23	27	27	31	35	41	46	50	54	60	63	70	75	81	84	86	86	86	86	86	86	86	86	86	86	86	86	86	86	86	86	86	86	86	86	86	86	86	86	86	
900	0	0	0	1	2	4	9	12	14	17	21	23	24	28	29	32	36	40	44	50	56	60	68	72	74	80	81	84	86	86	86	86	86	86	86	86	86	86	86	86	86	86	86	86	86	86	86	86	86	86	86	86	
910	0	0	0	1	1	2	6	9	14	18	21	23	26	27	31	35	38	39	45	50	54	60	69	70	77	80	85	85	85	86	86	86	86	86	86	86	86	86	86	86	86	86	86	86	86	86	86	86	86	86	86	86	
920	0	0	0	1	1	6	7	15	17	17	20	22	24	28	30	34	39	43	46	50	54	64	70	76	77	80	81	83	86	86	86	86	86	86	86	86	86	86	86	86	86	86	86	86	86	86	86	86	86	86	86	86	
930	0	0	1	1	2	6	9	11	15	17	19	21	22	26	30	34	35	37	44	48	55	60	66	73	77	80	83	84	85	86	86	86	86	86	86	86	86	86	86	86	86	86	86	86	86	86	86	86	86	86	86	86	
940	0	0	1	1	2	3	6	10	16	17	20	22	23	26	27	33	38	41	44	50	55	61	66	70	76	78	82	85	86	86	86	86	86	86	86	86	86	86	86	86	86	86	86	86	86	86	86	86	86	86	86	86	
950	0	0	1	1	1	4	11	12	16	17	21	22	24	24	28	32	35	38	45	51	53	58	67	74	78	81	82	84	86	86	86	86	86	86	86	86	86	86	86	86	86	86	86	86	86	86	86	86	86	86	86	86	
960	0	0	0	0	2	7	10	13	17	18	20	22	23	26	29	30	36	40	44	50	55	62	68	72	76	79	81	85	85	85	86	86	86	86	86	86	86	86	86	86	86	86	86	86	86	86	86	86	86	86	86	86	
970	0	0	0	2	2	3	7	14	16	18	22	24	25	26	28	29	36	41	46	50	57	62	68	76	79	81	83	83	84	84	85	86	86	86	86	86	86	86	86	86	86	86	86	86	86	86	86	86	86	86	86	86	
980	0	0	1	2	3	6	9	12	14	18	20	24	25	25	28	32	35	39	42	47	53	59	64	75	80	80	82	84	85	85	85	85	86	86	86	86	86	86	86	86	86	86	86	86	86	86	86	86	86	86	86	86	
990	0	0	0	2	3	7	10	11	15	19	19	22	24	25	26	30	36	40	46	49	53	59	65	70	78	79	83	84	85	85	85	86	86	86	86	86	86	86	86	86	86	86	86	86	86	86	86	86	86	86	86	86	
1000	0	1	1	1	5	6	10	13	14	19	21	23	25	25	28	34	38	44	50	52	56	60	69	69	74	81	85	85	86	86	87	87	87	87	87	87	87	87	87	87	87	87	87	87	87	87	87	87	87	87	87	87	
1010	0	0	0	1	3	7	11	13	18	18	20	21	23	25	26	29	34	44	48	52	56	63	69	72	77	79	84	85	85	86	86	86	86	86	86	86	86	86	86	86	86	86	86	86	86	86	86	86	86	86	86	86	
1020	0	0	1	1	3	5	10	14	16	18	21	22	22	23	27	32	34	39	48	53	58	63	65	71	75	78	81	85	85	86	86	86	86	86	86	86	86	86	86	86	86	86	86	86	86	86	86	86	86	86	86	86	
1030	0	0	0	0	2	5	9	14	16	18	19	21	22	25	28	32	38	43	46	50	56	63	68	71	72	76	78	83	84	84	84	85	86	86	86	86	86	86	86	86	86	86	86	86	86	86	86	86	86	86	86	86	
1040	0	0	0	1	2	7	10	12	16	18	20	20	22	23	27	31	36	42	47	47	54	59	64	69	74	78	81	82	82	85	85	85	86	86	86	86	86	86	86	86	86	86	86	86	86	86	86	86	86	86	86	86	
1050	0	0	0	1	2	6	11	15	15	18	20	22	25	26	27	28	35	43	49	52	58	60	63	69	75	77	80	85	86	86	87	87	87	87	87	87	87	87	87	87	87	87	87	87	87	87	87	87	87	87	87	87	
1060	0	0	1	1	3	6	10	12	16	18	19	21	23	25	26	31	35	40	46	49	52	54	60	69	75	77	80	82	84	86	86	86	86	86	86	86	86	86	86	86	86	86	86	86	86	86	86	86	86	86	86	86	
1070	0	0	1	1	4	5	9	11	15	18	20	22	24	26	30	32	36	41	44	49	54	57	62	71	77	80	82	83	84	87	87	87	87	87	87	87	87	87	87	87	87	87	87	87	87	87	87	87	87	87	87	87	
1080	0	0	1	2	3	6	10	11	13	17	20	22	24	26	26	31	39	45	49	51	52	59	66	71	75	79	81	82	83	87	87	87	87	87	87	87	87	87	87	87	87	87	87	87	87	87	87	87	87	87	87	87	
1090	0	0	1	2	4	7	10	13	14	18	19	22	22	23	25	32	38	43	46	49	51	58	65	76	79	80	81	85	85	87	87	87	87	87	87	87	87	87	87	87	87	87	87	87	87	87	87	87	87	87	87	87	
1100	0	0	0	1	2	4	9	12	16	17	21	22	23	25	31	34	40	42	46	50	58	62	72	73	76	79	83	84	85	85	86	87	87	87	87	87	87	87	87	87	87	87	87	87	87	87	87	87	87	87	87	87	
1110	0	0	0	0	1	2	11	15	15	17	18	20	23	24	30	35	41	47	50	52	56	58	63	70	76	79	82	82	83	85	85	85	85	86	86	86	86	86	86	86	86	86	86	86	86	86	86	86	86	86	86	86	
1120	0	0	0	1	4	6	9	12	16	18	20	20	24	25	26	31	40	44	49	50	52	59	66	72	76	80	81	83	83	85	86	86	86	86	86	86	86	86	86	86	86	86	86	86	86	86	86	86	86	86	86	86	
1130	0	0	0	1	2	5	7	11	16	20	20	20	22	25	28	32	37	40	45	52	54	59	66	73	75	80	83	84	85	86	86	86	86	86	86	86	86	86	86	86	86	86	86	86	86	86	86	86	86	86	86	86	
1140	0	0	0	1	3	3	8	14	16	18	19	20	21	24	27	32	36	40	44	49	56	61	66	72	80	80	82	82	84	84	86	86	86	86	86	86	86	86	86	86	86	86	86	86	86	86	86	86	86	86	86	86	
1150	0	0	0	0	1	3	7	11	15	16	18	20	21	24	28	32	37	42	48	52	57	63	69	74	79	81	83	83	83	84	85	86	86	86	86	86	86	86	86	86	86	86	86	86	86	86	86	86	86	86	86	86	
1160	0	0	0	0	2	3	7	10	15	17	18	20	23	24	28	31	38	42	48	53	57	60	66	70	76	78	82	83	83	84	85	85	86	86	86	86	86	86	86	86	86	86	86	86	86	86	86	86	86	86	86	86	
1170	0	0	0	0	2	5	7	14	16	17	19	21	22	23	26	31	34	44	46	53	57	60	63	72	75	78	82	84	84	84	85	86	86	86	86	86	86	86	86	86	86	86	86	86	86	86	86	86	86	86	86	86	
1180	0	0	0	0	1	4	5	10	15	18	20	22	22	22	26	33	36	40	46	51	55	61	65	67	72	78	82	84	84	85	85	86	86	86	86	86	86	86	86	86	86	86	86	86	86	86	86	86	86	86	86	86	
1190	0	0	0	0	0	4	8	11	13	15	20	20	23	25	26	30	36	39	47	52	55	62	66	71	75	79	84	84	85	85	85	86	86	86	86	86	86	86	86	86	86	86	86	86	86	86	86	86	86	86	86	86	
1200	0	0	0	0	1	7	8	12	13	16	17	21	24	26	26	31	33	38	44	46	50	55	60	71	77	80	82	83	86	86	86	86	86	86	86	86	86	86	86	86	86	86	86	86	86	86	86	86	86	86	86	86	
1210	0	0	0	0	3	6	9	12	15	17	19	21	22	22	27	30	37	42	43	48	55	56	62	70	75	80	84	87	87	87	87	87	87	87	87	87	87	87	87	87	87	87	87	87	87	87	87	87	87	87	87	87	
1220	0	0	0	1	2	3	9	12	12	17	18	20	22	26	28	31	37	40	45	48	52	59	65	69	72	78	83	85	86	87	87	87	87	87	87	87	87	87	87	87	87	87	87	87	87	87	87	87	87	87	87	87	
1230	0	0	0	0	0	1	5	8	15	17	19	21	23	27	29	32	37	41	45	49	53	59	67	71	73	79	82	86	86	87	87	87	87	87	87	87	87	87	87	87	87	87	87	87	87	87	87	87	87	87	87	87	
1240	0	0	0	0	0	3	6	12	16	18	20	21	23	28	30	33	40	44	46	49	51	56	64	70	74	82	84	85	87	87	87	87	87	87	87	87	87	87	87	87	87	87	87	87	87	87	87	87	87	87	87	87	
1250	0	0	1	1	1	4	9	11	16	19	20	23	26	27	28	31	36	40	44	48	50	56	65	73	76	80	83	85	85	86	86	87	87	87	87	87	87	87	87	87	87	87	87	87	87	87	87	87	87	87	87	87	
1260	0	0	1	1	1	3	6	13	15	17	20	22	24	26	28	31	36	44	47	48	51	53	62	71	79	83	84	84	84	86	87	87	87	87	87	87	87	87	87	87	87	87	87	87	87	87	87	87	87	87	87	87	
1270	0	0	0	0	1	4	6	11	15	17	19	20	23	24	27	33	37	40	47	48	51	56	58	69	75	80	83	84	85	85	87	87	87	87	87	87	87	87	87	87	87	87	87	87	87	87	87	87	87	87	87	87	
1280	0	0	0	0	1	3	7	10	17	18	19	19	20	26	28	33	38	42	48	51	52	55	58	65	75	80	83	85	86	86	86	87	87	87	87	87	87	87	87	87	87	87	87	87	87	87	87	87	87	87	87	87	
1290	0	0	0	0	1	3	6	12	15	17	18	21	25	26	26	34	37	41	44	50	52	53	59	66	72	75	84	86	87	87	87	87	87	87	87	87	87	87	87	87	87	87	87	87	87	87	87	87	87	87	87	87	
1300	0	0	0	0	1	4	9	13	14	17	20	23	23	24	26	28	32	38	44	46	48	58	62	69	74	79	83	85	86	86	87	87	87	87	87	87	87	87	87	87	87	87	87	87	87	87	87	87	87	87	87	87	
1310	0	0	0	0	1	3	9	13	16	18	20	21	23	25	28	34	36	39	44	46	53	58	67	70	73	81	84	87	87	88	88	88	88	88	88	88	88	88	88	88	88	88	88	88	88	88	88	88	88	88	88	88	
1320	0	0	0	1	1	3	8	11	15	17	20	21	23	24	26	30	36	41	46	51	54	56	59	64	73	78	81	84	85	87	87	87	87	87	87	87	87	87	87	87	87	87	87	87	87	87	87	87	87	87	87	87	
1330	0	0	0	0	1	4	9	12	16	18	20	23	23	25	27	31	36	39	41	48	54	56	65	69	72	79	82	85	86	86	87	87	87	87	87	87	87	87	87	87	87	87	87	87	87	87	87	87	87	87	87	87	
1340	0	0	0	1	3	5	8	9	14	17	19	19	21	23	28	31	38	41	47	48	50	51	60	68	74	78	80	85	86	86	86	86	86	86	87	87	87	87	87	87	87	87	87	87	87	87	87	87	87	87	87	87	
1350	0	0	0	1	2	5	7	8	12	17	19	21	22	24	26	30	33	40	44	47	50	55	57	65	76	77	81	84	86	86	87	87	87	87	87	87	87	87	87	87	87	87	87	87	87	87	87	87	87	87	87	87	
1360	0	0	0	0	1	3	4	9	14	16	20	22	24	26	27	32	36	40	45	49	52	56	61	65	73	76	80	83	86	87	87	87	87	87	87	87	87	87	87	87	87	87	87	87	87	87	87	87	87	87	87	87	
1370	0	0	0	0	1	1	5	15	17	18	20	22	24	26	28	32	36	43	47	48	51	56	61	65	72	79	80	82	85	87	87	87	87	87	87	87	87	87	87	87	87	87	87	87	87	87	87	87	87	87	87	87	
1380	0	0	0	0	0	2	2	9	17	18	21	22	23	24	29	33	38	40	44	47	53	57	59	66	74	78	80	82	84	87	87	87	87	87	87	87	87	87	87	87	87	87	87	87	87	87	87	87	87	87	87	87	
1390	0	0	0	0	1	3	5	15	17	18	18	20	22	25	27	30	33	39	42	49	55	58	64	67	72	77	80	82	86	88	88	88	88	88	88	88	88	88	88	88	88	88	88	88	88	88	88	88	88	88	88	88	
1400	0	0	0	0	0	1	8	12	15	17	18	20	22	25	27	27	33	40	46	50	52	55	63	72	73	76	82	84	85	87	88	88	88	88	88	88	88	88	88	88	88	88	88	88	88	88	88	88	88	88	88	88	
1410	0	0	0	0	1	1	7	14	17	18	20	21	23	25	27	29	32	36	44	48	52	59	66	72	75	78	78	84	85	88	88	88	88	88	88	88	88	88	88	88	88	88	88	88	88	88	88	88	88	88	88	88	
1420	0	0	0	1	2	4	10	12	18	18	19	19	20	21	23	33	34	38	43	47	52	59	63	67	73	79	82	83	86	87	87	87	87	87	87	87	87	87	87	87	87	87	87	87	87	87	87	87	87	87	87	87	
1430	0	0	0	1	2	5	8	12	14	17	18	18	18	22	24	30	32	39	43	50	52	57	64	69	72	77	80	82	85	87	87	87	87	87	87	87	87	87	87	87	87	87	87	87	87	87	87	87	87	87	87	87	
1440	1	1	1	1	3	4	8	14	15	18	18	19	21	21	26	28	34	40	46	48	51	56	62	66	75	80	82	85	87	87	87	87	87	87	87	87	87	87	87	87	87	87	87	87	87	87	87	87	87	87	87	87	
1450	0	0	1	1	3	5	7	12	15	16	19	19	19	24	26	30	36	40	45	49	52	56	61	68	75	80	85	86	86	86	86	87	87	87	87	87	87	87	87	87	87	87	87	87	87	87	87	87	87	87	87	87	
1460	1	1	1	1	1	3	6	11	15	19	20	20	21	22	28	32	36	39	42	47	51	57	60	69	73	79	83	85	86	87	87	87	87	87	87	87	87	87	87	87	87	87	87	87	87	87	87	87	87	87	87	87	
1470	0	0	0	1	2	4	6	10	14	17	20	21	24	25	27	30	36	39	41	48	54	61	66	71	75	78	82	85	85	86	86	87	87	87	87	87	87	87	87	87	87	87	87	87	87	87	87	87	87	87	87	87	
1480	0	0	0	1	2	3	6	11	16	16	20	21	22	26	27	30	33	39	43	52	55	58	62	67	71	78	84	87	87	87	88	88	88	88	88	88	88	88	88	88	88	88	88	88	88	88	88	88	88	88	88	88	
1490	0	0	0	0	0	3	5	8	14	16	20	20	22	25	26	30	35	39	45	51	57	60	64	71	74	80	83	86	87	88	88	88	88	88	88	88	88	88	88	88	88	88	88	88	88	88	88	88	88	88	88	88	
1500	0	0	1	2	2	3	5	7	15	17	21	21	22	24	25	28	35	42	45	51	55	56	59	67	74	77	81	84	86	88	88	88	88	88	88	88	88	88	88	88	88	88	88	88	88	88	88	88	88	88	88	88	
1510	1	1	1	2	2	2	4	10	16	20	20	22	23	23	24	29	34	40	42	49	52	56	62	66	71	79	82	84	85	88	88	88	88	88	88	88	88	88	88	88	88	88	88	88	88	88	88	88	88	88	88	88	
1520	0	0	1	2	2	5	5	12	18	19	19	19	21	21	24	30	35	38	43	47	53	54	58	66	72	78	81	83	85	87	88	88	88	88	88	88	88	88	88	88	88	88	88	88	88	88	88	88	88	88	88	88	
1530	0	0	0	1	1	3	6	10	16	19	19	19	21	23	27	29	34	38	43	47	47	52	54	63	74	77	80	83	87	88	88	88	88	88	88	88	88	88	88	88	88	88	88	88	88	88	88	88	88	88	88	88	
1540	0	0	0	0	1	2	4	9	15	18	20	20	22	25	26	30	36	39	41	46	50	55	61	68	74	78	79	82	85	87	88	88	88	88	88	88	88	88	88	88	88	88	88	88	88	88	88	88	88	88	88	88	
1550	0	0	0	0	0	2	6	9	17	17	19	20	21	25	28	31	35	40	42	47	52	58	62	68	71	78	81	86	88	88	88	89	89	89	89	89	89	89	89	89	89	89	89	89	89	89	89	89	89	89	89	89	
1560	0	0	0	2	2	3	4	10	14	17	19	19	21	22	26	30	37	39	42	47	53	59	64	71	74	78	81	87	87	88	89	89	89	89	89	89	89	89	89	89	89	89	89	89	89	89	89	89	89	89	89	89	
1570	0	0	0	0	1	3	4	8	13	16	17	19	22	24	28	31	37	38	44	50	55	58	66	71	74	76	81	82	84	86	87	88	88	88	88	88	88	88	88	88	88	88	88	88	88	88	88	88	88	88	88	88	
1580	0	0	0	0	2	3	7	9	13	15	17	20	22	24	25	30	36	38	43	47	52	63	67	72	75	79	83	84	85	85	86	86	87	88	88	88	88	88	88	88	88	88	88	88	88	88	88	88	88	88	88	88	
1590	0	0	0	0	0	2	5	9	14	16	18	20	21	22	24	30	33	39	43	47	54	60	68	72	76	80	82	83	85	86	86	86	87	87	87	88	88	88	88	88	88	88	88	88	88	88	88	88	88	88	88	88	
1600	0	0	0	0	1	3	5	7	14	16	19	19	20	21	25	30	32	37	43	52	56	60	66	72	77	78	83	85	86	86	86	87	87	88	88	88	88	88	88	88	88	88	88	88	88	88	88	88	88	88	88	88	
1610	0	0	1	1	2	4	5	10	12	17	17	18	20	23	24	28	33	36	44	51	55	58	65	72	77	80	82	83	85	87	87	88	88	88	89	89	89	89	89	89	89	89	89	89	89	89	89	89	89	89	89	89	
1620	0	0	0	2	2	3	4	7	12	14	18	19	19	21	25	31	35	38	48	50	54	61	63	70	74	78	82	85	86	87	87	88	88	88	88	88	88	88	88	88	88	88	88	88	88	88	88	88	88	88	88	88	
1630	0	0	0	0	2	3	6	8	14	16	17	19	20	24	28	30	36	41	45	53	60	62	65	68	72	77	84	85	87	88	88	88	88	88	88	88	88	88	88	88	88	88	88	88	88	88	88	88	88	88	88	88	
1640	0	0	0	1	2	4	9	11	14	17	19	20	24	25	28	30	34	42	47	49	53	60	65	67	70	76	79	82	84	86	88	88	88	88	88	88	88	88	88	88	88	88	88	88	88	88	88	88	88	88	88	88	
1650	0	0	1	2	2	4	8	10	11	17	21	22	23	25	27	29	33	42	46	54	56	57	66	69	72	76	80	83	85	86	86	87	87	87	87	87	87	87	87	87	87	87	87	87	87	87	87	87	87	87	87	87	
1660	0	0	1	1	1	3	9	10	15	18	19	20	22	24	25	30	31	41	46	50	57	60	64	68	76	80	84	85	86	88	89	89	89	89	89	89	89	89	89	89	89	89	89	89	89	89	89	89	89	89	89	89	
1670	0	0	0	0	1	2	6	12	14	18	20	20	22	25	27	29	38	43	47	51	55	59	62	67	74	76	80	84	87	88	89	89	89	89	89	89	89	89	89	89	89	89	89	89	89	89	89	89	89	89	89	89	
1680	0	0	1	2	2	3	6	11	12	14	19	21	22	24	26	32	38	43	50	54	57	59	63	65	70	74	78	84	86	88	89	89	89	89	89	89	89	89	89	89	89	89	89	89	89	89	89	89	89	89	89	89	
1690	0	0	1	2	2	3	6	10	13	15	17	19	20	22	26	29	36	42	46	53	56	59	65	70	71	74	78	82	86	87	88	88	88	88	88	88	88	88	88	88	88	88	88	88	88	88	88	88	88	88	88	88	
1700	0	0	0	1	2	4	5	10	13	18	18	19	22	24	25	29	38	42	45	51	55	59	66	68	72	77	82	85	86	87	87	88	88	88	88	88	88	88	88	88	88	88	88	88	88	88	88	88	88	88	88	88	
1710	0	0	0	2	3	5	6	8	13	18	19	20	22	26	27	30	34	41	43	50	56	59	63	68	71	77	78	79	83	88	89	89	89	89	89	89	89	89	89	89	89	89	89	89	89	89	89	89	89	89	89	89	
1720	0	0	1	1	2	3	6	10	13	18	19	21	23	26	30	31	35	44	46	52	57	60	62	66	71	77	80	80	85	89	89	89	89	89	89	89	89	89	89	89	89	89	89	89	89	89	89	89	89	89	89	89	
1730	0	0	0	1	1	3	5	8	13	16	18	19	21	25	30	33	34	43	47	53	55	57	60	65	70	73	78	83	87	89	89	89	89	89	89	89	89	89	89	89	89	89	89	89	89	89	89	89	89	89	89	89	
1740	0	0	1	1	2	3	7	9	13	17	18	19	23	24	26	28	33	37	45	49	52	55	59	66	69	76	82	84	86	88	88	89	89	89	89	89	89	89	89	89	89	89	89	89	89	89	89	89	89	89	89	89	
1750	0	0	0	1	3	3	7	10	14	17	18	22	24	25	30	32	37	42	43	49	53	57	59	66	73	77	83	84	87	87	87	88	89	89	89	89	89	89	89	89	89	89	89	89	89	89	89	89	89	89	89	89	
1760	0	0	0	2	3	4	5	10	13	15	18	20	25	27	29	35	38	40	46	50	53	55	61	67	73	77	84	84	87	88	88	89	89	89	89	89	89	89	89	89	89	89	89	89	89	89	89	89	89	89	89	89	
1770	0	0	1	1	1	4	6	9	12	15	19	19	24	26	29	33	36	41	43	45	58	64	66	70	75	81	83	88	88	88	88	89	89	89	89	89	89	89	89	89	89	89	89	89	89	89	89	89	89	89	89	89	
1780	0	0	1	2	2	4	7	10	12	16	21	23	23	25	27	32	38	41	42	46	52	56	60	64	70	76	79	84	87	88	88	89	89	89	89	89	89	89	89	89	89	89	89	89	89	89	89	89	89	89	89	89	
1790	0	0	1	2	2	3	6	8	12	17	19	21	23	24	27	30	37	39	42	46	50	53	59	66	71	77	82	85	87	87	89	89	89	89	89	89	89	89	89	89	89	89	89	89	89	89	89	89	89	89	89	89	
1800	0	0	1	3	5	5	6	8	10	17	20	20	24	25	26	30	32	41	43	46	51	56	65	70	76	78	83	85	87	87	88	88	89	89	89	89	89	89	89	89	89	89	89	89	89	89	89	89	89	89	89	89	
1810	0	0	0	2	2	5	7	10	14	17	18	23	24	27	28	29	39	43	45	51	54	57	63	69	73	79	82	87	88	89	89	89	89	90	90	90	90	90	90	90	90	90	90	90	90	90	90	90	90	90	90	90	
1820	0	0	0	2	5	7	8	10	12	18	20	23	25	25	28	30	33	41	45	48	54	57	61	66	70	75	80	85	88	89	89	89	89	89	89	89	89	89	89	89	89	89	89	89	89	89	89	89	89	89	89	89	
1830	0	0	0	1	3	5	6	8	13	14	20	21	22	23	27	32	36	43	46	53	56	57	59	66	71	77	80	85	87	89	89	89	89	89	89	89	89	89	89	89	89	89	89	89	89	89	89	89	89	89	89	89	
1840	0	0	0	0	2	4	7	9	11	15	17	19	20	23	27	29	35	38	43	51	53	56	59	69	75	80	84	84	86	86	88	88	89	89	89	89	89	89	89	90	90	90	90	90	90	90	90	90	90	90	90	90	
1850	0	0	0	2	3	4	6	12	14	19	19	20	22	25	29	33	36	39	44	46	52	57	60	66	73	76	79	84	87	87	88	89	89	89	89	89	89	90	90	90	90	90	90	90	90	90	90	90	90	90	90	90	
1860	0	0	0	0	2	3	4	11	12	13	20	20	22	27	28	33	36	39	45	47	54	60	64	68	73	75	79	83	85	86	88	89	89	89	89	90	90	90	90	90	90	90	90	90	90	90	90	90	90	90	90	90	
1870	0	0	0	0	1	3	6	10	14	17	18	21	22	27	30	37	39	40	46	48	54	56	64	70	73	80	82	86	87	88	89	89	89	89	90	90	90	90	90	90	90	90	90	90	90	90	90	90	90	90	90	90	
1880	0	0	0	0	1	3	3	6	13	17	19	21	22	27	32	36	36	40	43	45	53	59	64	67	73	79	84	85	88	89	89	89	89	89	89	90	90	90	90	90	90	90	90	90	90	90	90	90	90	90	90	90	
1890	0	0	0	0	0	2	5	9	15	20	20	21	25	27	31	33	35	40	47	49	52	60	64	71	75	77	82	86	88	88	88	89	89	89	90	90	90	90	90	90	90	90	90	90	90	90	90	90	90	90	90	90	
1900	0	0	0	0	0	4	7	11	17	19	21	21	24	25	31	34	39	42	46	51	55	59	63	67	74	77	81	84	86	89	89	89	89	89	89	89	89	90	90	90	90	90	90	90	90	90	90	90	90	90	90	90	
1910	0	0	0	0	2	3	5	10	16	17	20	21	26	27	29	33	38	41	45	49	53	60	65	71	77	79	82	87	87	88	89	89	89	89	89	89	89	89	89	89	89	89	89	89	89	89	89	89	89	89	89	89	
1920	1	1	1	1	2	4	9	13	15	18	20	23	24	29	31	36	39	41	44	50	55	58	65	68	72	77	78	80	86	86	87	88	88	90	90	90	90	90	90	90	90	90	90	90	90	90	90	90	90	90	90	90	
1930	0	0	0	1	3	5	9	13	15	18	18	22	22	23	28	35	36	45	47	49	53	59	62	67	73	80	82	85	85	85	87	89	89	90	90	90	90	90	90	90	90	90	90	90	90	90	90	90	90	90	90	90	
1940	0	1	1	1	2	2	6	10	14	18	19	21	22	24	27	33	38	42	47	49	55	59	65	72	77	82	82	84	86	86	88	88	90	90	90	90	90	90	90	90	90	90	90	90	90	90	90	90	90	90	90	90	
1950	0	0	1	1	3	3	6	9	15	17	19	22	22	28	33	34	38	42	44	46	52	59	65	69	76	82	84	84	85	87	87	89	89	90	90	90	90	90	90	90	90	90	90	90	90	90	90	90	90	90	90	90	
1960	0	0	0	2	2	4	7	11	15	18	20	22	23	25	29	34	41	42	45	48	54	61	68	71	76	77	82	85	85	88	88	90	90	90	90	90	90	90	90	90	90	90	90	90	90	90	90	90	90	90	90	90	
1970	0	0	1	1	1	4	7	13	15	18	20	21	25	27	28	31	36	40	49	51	57	59	65	69	75	79	82	84	87	88	88	89	90	90	90	90	90	90	90	90	90	90	90	90	90	90	90	90	90	90	90	90	
1980	0	0	0	0	2	4	9	12	15	16	19	20	21	24	28	35	40	44	48	52	55	58	62	65	74	80	82	84	86	87	88	89	90	90	90	90	90	90	90	90	90	90	90	90	90	90	90	90	90	90	90	90	
1990	0	0	1	2	3	4	9	14	16	19	19	20	22	25	27	31	33	37	42	49	57	62	66	69	72	78	82	83	85	87	87	89	90	90	90	90	90	90	90	90	90	90	90	90	90	90	90	90	90	90	90	90	
2000	0	0	0	1	2	5	10	15	19	19	19	21	22	26	28	32	39	43	48	52	55	60	64	69	74	79	81	83	87	87	89	89	90	90	90	90	90	90	90	90	90	90	90	90	90	90	90	90	90	90	90	90	
2010	0	0	1	1	4	6	8	15	17	18	21	22	24	26	29	35	37	38	47	49	52	56	62	64	69	74	79	82	85	89	89	90	90	90	90	90	90	90	90	90	90	90	90	90	90	90	90	90	90	90	90	90	
2020	0	0	0	0	2	4	8	15	16	20	22	22	24	30	31	33	34	39	42	48	55	57	61	66	74	77	79	82	84	88	89	90	90	90	90	90	90	90	90	90	90	90	90	90	90	90	90	90	90	90	90	90	
2030	0	0	0	1	2	5	7	10	14	18	20	23	25	25	31	32	33	35	38	45	48	55	61	69	75	77	80	84	85	87	89	90	90	90	90	90	90	90	90	90	90	90	90	90	90	90	90	90	90	90	90	90	
2040	0	0	0	0	2	3	10	13	15	15	20	25	26	28	31	35	39	41	45	50	54	59	64	68	75	78	82	83	87	90	90	90	90	90	90	90	90	90	90	90	90	90	90	90	90	90	90	90	90	90	90	90	
2050	0	0	0	0	2	3	6	12	14	16	20	23	23	26	29	33	35	38	42	44	56	64	69	70	73	77	82	86	87	88	88	89	89	90	90	90	90	90	90	90	90	90	90	90	90	90	90	90	90	90	90	90	
2060	0	0	0	0	2	3	8	9	13	14	20	22	24	28	30	32	38	38	43	50	54	58	66	71	76	80	82	84	85	87	88	89	90	90	90	90	90	90	90	90	90	90	90	90	90	90	90	90	90	90	90	90	
2070	0	0	0	0	0	1	5	11	15	20	21	22	26	27	28	33	36	37	39	47	56	64	67	72	73	78	82	83	87	89	90	90	90	90	90	90	90	90	90	90	90	90	90	90	90	90	90	90	90	90	90	90	
2080	0	0	0	1	2	4	9	13	16	18	21	23	27	30	32	35	37	41	42	49	53	59	61	68	74	78	81	84	87	88	90	90	90	90	90	90	90	90	90	90	90	90	90	90	90	90	90	90	90	90	90	90	
2090	0	0	1	1	1	3	5	11	13	17	21	22	24	26	30	35	38	40	43	45	48	53	63	69	76	78	81	84	86	87	89	89	90	90	90	90	90	90	90	90	90	90	90	90	90	90	90	90	90	90	90	90	
2100	0	0	0	1	2	4	6	13	16	19	20	21	22	26	29	32	35	39	43	46	49	56	61	66	72	77	81	81	85	87	89	89	89	90	90	90	90	90	90	90	90	90	90	90	90	90	90	90	90	90	90	90	
2110	0	0	0	1	2	6	8	13	15	18	20	22	25	26	28	29	37	40	44	45	49	56	61	66	73	78	81	83	85	89	89	90	90	90	90	90	90	90	90	90	90	90	90	90	90	90	90	90	90	90	90	90	
2120	0	0	1	1	2	3	6	14	16	19	21	24	26	28	32	34	35	38	40	46	48	53	59	65	70	74	79	80	86	89	90	90	90	90	90	90	90	90	90	90	90	90	90	90	90	90	90	90	90	90	90	90	
2130	0	0	0	0	2	5	9	15	17	19	21	22	27	28	29	32	37	39	42	45	50	54	56	66	70	76	81	86	89	90	90	90	90	90	90	90	90	90	90	90	90	90	90	90	90	90	90	90	90	90	90	90	
2140	0	0	1	1	1	4	8	16	17	20	21	23	25	29	31	34	37	40	44	50	54	61	63	68	71	77	81	84	88	88	89	90	90	90	90	90	90	90	90	90	90	90	90	90	90	90	90	90	90	90	90	90	
2150	1	1	1	1	3	6	9	13	18	20	23	24	25	28	29	31	38	39	45	49	53	61	69	73	75	82	82	86	87	88	89	90	90	90	90	90	90	90	90	90	90	90	90	90	90	90	90	90	90	90	90	90	
2160	0	1	1	1	4	7	10	13	19	23	24	24	25	25	27	29	34	39	45	48	56	63	67	73	77	81	82	87	87	88	89	89	90	90	90	90	90	90	90	90	90	90	90	90	90	90	90	90	90	90	90	90	
2170	0	0	0	0	1	4	8	12	19	23	23	24	25	27	29	31	33	39	44	52	54	62	68	76	78	78	81	82	87	89	89	90	90	90	90	90	90	90	90	90	90	90	90	90	90	90	90	90	90	90	90	90	
2180	0	0	0	0	1	3	8	13	18	22	24	27	27	28	33	34	36	40	46	51	54	60	65	73	77	79	85	86	88	89	89	89	89	89	89	89	89	89	89	89	89	89	89	89	89	89	89	89	89	89	89	89	
2190	0	0	0	0	1	2	6	12	17	22	22	22	25	27	30	32	33	39	42	47	53	59	67	69	75	81	83	85	89	90	90	91	91	91	91	91	91	91	91	91	91	91	91	91	91	91	91	91	91	91	91	91	
2200	0	0	0	0	0	4	7	12	14	18	21	24	26	28	32	35	36	40	44	49	54	57	62	69	76	80	82	85	87	89	90	90	90	90	90	90	90	90	90	90	90	90	90	90	90	90	90	90	90	90	90	90	
2210	0	0	0	0	1	1	10	12	18	19	22	25	26	29	31	33	37	40	42	51	55	57	60	67	72	80	82	84	87	87	87	88	88	89	89	89	89	89	89	89	89	89	89	89	89	89	89	89	89	89	89	89	
2220	0	0	0	0	1	2	4	12	19	21	22	25	27	29	33	34	36	38	43	47	53	58	64	70	74	78	80	86	87	88	89	89	89	89	89	89	89	89	89	89	89	89	89	89	89	89	89	89	89	89	89	89	
2230	0	0	0	0	2	5	7	12	18	21	23	26	28	30	31	32	36	38	43	46	55	62	64	69	74	78	83	86	86	87	89	89	89	89	89	89	89	89	89	89	89	89	89	89	89	89	89	89	89	89	89	89	
2240	0	0	0	0	1	4	6	12	18	20	23	26	28	29	31	33	35	38	41	45	50	60	64	73	77	80	84	85	88	90	90	90	90	90	90	90	90	90	90	90	90	90	90	90	90	90	90	90	90	90	90	90	
2250	0	0	0	0	1	1	5	12	16	21	26	26	26	27	32	36	39	39	42	45	51	59	69	72	74	78	83	84	87	89	89	89	89	89	89	89	89	89	89	89	89	89	89	89	89	89	89	89	89	89	89	89	
2260	0	0	0	0	1	4	8	13	17	20	24	25	26	30	34	34	35	37	42	46	54	57	64	69	71	81	82	86	87	89	89	89	89	89	89	89	89	89	89	89	89	89	89	89	89	89	89	89	89	89	89	89	
2270	0	0	0	0	0	6	11	14	19	21	24	25	27	30	34	35	37	40	43	45	50	58	66	69	71	77	80	87	88	89	90	90	90	90	90	90	90	90	90	90	90	90	90	90	90	90	90	90	90	90	90	90	
2280	0	0	0	0	1	3	6	11	17	22	25	26	27	30	33	33	39	40	45	47	52	57	60	68	73	77	82	86	86	86	88	88	89	89	89	89	89	89	89	89	89	89	89	89	89	89	89	89	89	89	89	89	
2290	0	0	0	0	1	6	7	11	15	20	22	23	26	29	33	37	40	42	46	49	53	57	63	68	75	77	82	86	88	88	88	89	90	90	90	90	90	90	90	90	90	90	90	90	90	90	90	90	90	90	90	90	
2300	0	0	0	0	0	4	11	14	17	20	25	25	25	29	32	34	35	38	40	44	51	55	61	69	72	77	81	86	89	89	90	90	90	90	90	90	90	90	90	90	90	90	90	90	90	90	90	90	90	90	90	90	
2310	0	0	0	0	1	4	6	11	15	21	23	24	25	28	30	31	36	40	43	47	52	58	62	67	75	83	85	86	89	89	90	90	90	90	90	90	90	90	90	90	90	90	90	90	90	90	90	90	90	90	90	90	
2320	0	0	0	0	0	1	4	11	17	21	24	26	26	28	29	34	38	41	47	52	56	60	65	68	71	76	82	87	89	89	89	89	90	90	90	90	90	90	90	90	90	90	90	90	90	90	90	90	90	90	90	90	
2330	0	0	0	0	0	4	6	12	15	19	24	25	27	30	32	34	34	38	44	46	48	54	64	70	73	78	82	87	89	89	89	89	89	90	90	90	90	90	90	90	90	90	90	90	90	90	90	90	90	90	90	90	
2340	0	0	0	0	2	5	7	16	19	21	25	26	27	28	33	35	37	38	43	46	49	54	62	69	76	82	86	87	89	89	89	89	89	89	90	90	90	90	90	90	90	90	90	90	90	90	90	90	90	90	90	90	
2350	0	0	0	1	3	3	8	11	16	21	22	23	28	32	32	34	37	41	43	50	53	54	64	70	77	80	86	88	88	88	88	88	88	88	89	89	89	89	89	89	89	89	89	89	89	89	89	89	89	89	89	89	
2360	0	0	0	0	1	3	9	14	19	21	24	26	27	29	32	34	37	39	41	44	51	53	61	66	73	82	84	88	89	89	89	89	90	90	90	90	90	90	90	90	90	90	90	90	90	90	90	90	90	90	90	90	
2370	0	0	0	1	2	4	7	15	16	19	24	26	27	28	30	33	34	38	43	46	51	56	60	67	74	79	83	87	88	89	89	89	90	90	90	90	90	90	90	90	90	90	90	90	90	90	90	90	90	90	90	90	
2380	0	0	0	1	1	4	8	11	16	19	24	26	26	26	29	34	38	39	44	51	52	59	64	66	70	72	79	81	88	88	89	89	89	90	90	90	90	90	90	90	90	90	90	90	90	90	90	90	90	90	90	90	
2390	0	0	0	1	1	3	8	11	14	20	24	25	26	27	28	31	36	38	43	49	53	59	66	68	74	76	80	84	86	88	89	89	90	90	90	90	90	90	90	90	90	90	90	90	90	90	90	90	90	90	90	90	
2400	0	0	0	0	2	7	10	11	14	20	23	25	25	27	32	36	37	41	43	49	53	57	61	66	73	80	81	83	86	89	90	90	90	90	90	90	90	90	90	90	90	90	90	90	90	90	90	90	90	90	90	90	
2410	0	0	0	1	1	6	8	11	16	18	22	22	27	31	33	37	39	42	44	46	52	59	65	75	79	81	84	86	86	88	89	89	90	90	90	90	90	90	90	90	90	90	90	90	90	90	90	90	90	90	90	90	
2420	0	0	0	1	1	4	9	12	16	19	21	24	27	28	30	35	37	41	43	46	56	58	62	70	76	81	85	85	88	89	89	90	90	90	90	90	90	90	90	90	90	90	90	90	90	90	90	90	90	90	90	90	
2430	0	0	0	0	2	5	7	12	16	21	23	24	26	27	30	32	37	40	45	49	52	58	65	67	75	79	83	85	88	89	89	90	90	90	90	90	90	90	90	90	90	90	90	90	90	90	90	90	90	90	90	90	
2440	0	0	0	1	2	6	7	11	16	20	22	24	25	26	29	35	40	42	45	51	55	60	64	69	76	78	79	83	86	87	89	90	90	90	90	90	90	90	90	90	90	90	90	90	90	90	90	90	90	90	90	90	
2450	0	0	0	1	4	5	9	11	16	17	21	22	24	26	32	34	37	43	47	51	56	60	66	69	75	79	85	86	88	88	89	90	90	90	90	90	90	90	90	90	90	90	90	90	90	90	90	90	90	90	90	90	
2460	0	0	0	0	1	5	9	11	16	19	21	23	25	28	29	33	36	46	48	54	56	62	65	71	80	82	85	87	89	90	91	91	91	91	91	91	91	91	91	91	91	91	91	91	91	91	91	91	91	91	91	91	
2470	0	0	1	1	1	5	9	15	16	20	21	23	26	26	31	36	37	42	48	52	54	56	61	64	74	78	83	87	88	88	89	90	90	90	90	90	90	90	90	90	90	90	90	90	90	90	90	90	90	90	90	90	
2480	0	0	0	0	2	7	11	16	17	19	21	23	26	28	36	38	42	43	46	48	55	62	64	67	72	76	82	86	88	88	89	90	90	90	90	90	90	90	90	90	90	90	90	90	90	90	90	90	90	90	90	90	
2490	0	0	0	0	1	3	10	14	17	18	22	26	28	31	33	36	40	42	49	55	57	59	63	68	71	78	82	84	88	89	89	89	90	90	90	90	90	90	90	90	90	90	90	90	90	90	90	90	90	90	90	90	
2500	0	0	0	1	3	5	8	11	16	18	22	25	28	31	32	38	42	45	48	53	56	60	65	70	75	78	84	86	88	89	89	90	90	90	90	90	90	90	90	90	90	90	90	90	90	90	90	90	90	90	90	90	
2510	0	0	0	1	1	4	7	11	16	19	23	25	26	30	31	36	39	44	50	53	57	58	61	68	71	73	79	84	87	89	89	90	90	90	90	90	90	90	90	90	90	90	90	90	90	90	90	90	90	90	90	90	
2520	0	0	0	0	2	2	5	12	15	19	22	24	27	31	34	39	40	44	46	50	53	59	64	69	70	76	83	86	87	88	89	89	90	90	90	90	90	90	90	90	90	90	90	90	90	90	90	90	90	90	90	90	
2530	0	0	0	0	2	4	10	12	14	20	23	24	26	29	31	39	42	44	49	51	57	61	66	68	73	79	84	87	88	89	89	89	90	90	90	90	90	90	90	90	90	90	90	90	90	90	90	90	90	90	90	90	
2540	0	0	1	1	1	3	6	9	16	19	20	25	28	30	32	36	41	43	49	56	59	61	65	67	71	80	85	86	88	88	89	89	89	90	90	90	90	90	90	90	90	90	90	90	90	90	90	90	90	90	90	90	
2550	0	0	0	2	2	3	5	6	15	18	21	24	25	28	32	37	42	46	50	54	56	58	60	63	72	76	78	83	85	89	89	89	89	89	89	90	90	90	90	90	90	90	90	90	90	90	90	90	90	90	90	90	
2560	0	0	0	0	0	3	5	8	15	18	21	24	26	28	32	34	37	42	46	53	56	59	63	71	76	79	80	85	89	89	89	89	89	89	89	89	90	90	90	90	90	90	90	90	90	90	90	90	90	90	90	90	
2570	0	0	0	1	3	4	8	11	15	19	23	25	29	29	31	37	41	45	49	54	57	61	65	69	74	79	82	83	87	88	88	89	89	90	90	90	90	90	90	90	90	90	90	90	90	90	90	90	90	90	90	90	
2580	0	0	0	0	2	3	8	11	14	20	22	27	28	32	32	33	40	46	50	51	58	59	65	65	72	78	81	83	86	88	88	89	89	89	90	90	90	90	90	90	90	90	90	90	90	90	90	90	90	90	90	90	
2590	0	0	0	0	3	4	6	8	16	19	21	23	27	30	32	34	36	42	48	54	56	63	68	70	73	80	81	86	86	88	89	89	89	90	90	90	90	90	90	90	90	90	90	90	90	90	90	90	90	90	90	90	
2600	0	0	0	0	2	2	6	13	17	18	23	24	26	27	32	34	40	45	48	51	57	62	66	70	72	76	81	85	87	88	90	90	90	90	90	90	90	90	90	90	90	90	90	90	90	90	90	90	90	90	90	90	
2610	0	0	0	0	2	2	5	14	19	19	21	22	24	26	32	35	40	46	49	50	55	60	65	69	73	78	80	85	87	87	88	89	90	90	90	90	90	90	90	90	90	90	90	90	90	90	90	90	90	90	90	90	
2620	0	0	0	1	2	3	7	14	16	17	20	23	27	30	34	35	41	45	48	49	54	59	66	69	74	79	84	85	87	89	90	90	90	90	90	90	90	90	90	90	90	90	90	90	90	90	90	90	90	90	90	90	
2630	0	0	0	2	4	6	9	14	17	19	21	23	27	31	34	35	42	45	48	51	58	63	65	71	75	81	84	84	86	87	88	89	89	90	90	90	90	90	90	90	90	90	90	90	90	90	90	90	90	90	90	90	
2640	0	0	0	1	3	5	8	14	16	18	22	24	26	29	32	36	39	45	49	53	58	61	65	66	75	82	82	83	86	87	88	89	89	90	90	90	90	90	90	90	90	90	90	90	90	90	90	90	90	90	90	90	
2650	0	0	0	1	2	9	11	13	19	20	22	22	26	30	32	36	38	44	47	51	53	58	63	70	78	82	83	85	87	87	88	88	90	90	90	90	90	90	90	90	90	90	90	90	90	90	90	90	90	90	90	90	
2660	0	0	0	1	1	3	7	12	17	19	21	24	26	28	32	35	40	44	48	51	60	63	67	74	78	82	84	87	89	89	89	89	89	90	90	90	90	90	90	90	90	90	90	90	90	90	90	90	90	90	90	90	
2670	0	0	0	0	2	2	6	9	15	17	20	23	26	31	31	35	40	44	49	52	57	62	67	71	79	81	82	83	85	89	89	89	90	90	90	90	90	90	90	90	90	90	90	90	90	90	90	90	90	90	90	90	
2680	0	0	0	0	2	3	8	12	15	17	20	21	24	29	32	35	38	45	49	53	55	59	64	67	74	81	84	84	85	86	88	90	90	90	90	90	90	90	90	90	90	90	90	90	90	90	90	90	90	90	90	90	
2690	0	0	0	0	1	2	9	12	16	17	19	21	25	27	30	34	38	41	46	54	56	61	67	71	77	79	82	83	87	89	89	90	90	90	90	90	90	90	90	90	90	90	90	90	90	90	90	90	90	90	90	90	
2700	0	0	0	0	2	4	9	14	17	20	20	20	23	28	31	33	35	42	45	51	55	57	65	71	77	77	81	83	85	86	89	89	90	90	90	90	90	90	90	90	90	90	90	90	90	90	90	90	90	90	90	90	
2710	0	0	0	1	1	4	8	11	17	19	21	23	24	26	31	34	36	37	45	50	54	60	68	71	75	78	80	81	84	87	89	90	90	90	90	90	90	90	90	90	90	90	90	90	90	90	90	90	90	90	90	90	
2720	0	0	0	0	0	4	7	10	14	19	20	22	24	27	31	35	38	41	48	52	55	59	64	67	70	75	81	85	86	87	88	89	89	89	90	90	90	90	90	90	90	90	90	90	90	90	90	90	90	90	90	90	
2730	0	0	0	0	0	1	4	10	15	20	21	21	22	24	30	35	40	44	47	48	50	57	61	68	70	78	80	85	87	88	89	89	89	89	89	90	90	90	90	90	90	90	90	90	90	90	90	90	90	90	90	90	
2740	0	0	1	2	2	2	6	11	12	19	20	22	23	24	26	32	36	43	45	47	52	58	61	64	70	75	78	85	87	87	88	88	88	88	89	89	89	89	89	89	89	89	89	89	89	89	89	89	89	89	89	89	
2750	1	1	2	2	2	4	7	9	13	19	22	22	24	24	28	30	35	39	45	51	55	62	65	70	73	76	77	83	88	88	89	89	90	90	90	90	90	90	90	90	90	90	90	90	90	90	90	90	90	90	90	90	
2760	0	0	1	2	3	4	6	11	13	19	22	22	24	28	33	35	38	41	46	50	54	57	63	67	71	77	82	86	87	88	88	89	89	89	90	90	90	90	90	90	90	90	90	90	90	90	90	90	90	90	90	90	
2770	0	0	0	1	3	5	8	11	15	17	19	23	26	28	29	34	38	41	42	47	50	59	65	67	72	77	82	85	86	87	89	89	89	89	89	90	90	90	90	90	90	90	90	90	90	90	90	90	90	90	90	90	
2780	0	0	0	2	3	6	7	9	15	17	19	23	27	29	32	35	38	43	48	51	55	61	65	68	73	78	82	85	86	87	88	89	91	91	91	91	91	91	91	91	91	91	91	91	91	91	91	91	91	91	91	91	
2790	0	0	0	1	1	5	8	10	13	16	19	20	27	28	32	36	39	44	49	52	57	59	60	67	72	78	80	81	83	87	88	89	90	90	90	90	90	90	90	90	90	90	90	90	90	90	90	90	90	90	90	90	
2800	0	0	1	1	1	5	6	10	12	15	21	25	27	29	31	34	40	43	44	52	58	61	64	68	73	77	81	84	85	87	89	89	90	90	90	90	90	90	90	90	90	90	90	90	90	90	90	90	90	90	90	90	
2810	0	0	1	1	1	3	6	10	14	19	22	24	26	30	32	35	37	42	46	50	51	54	59	67	72	77	83	84	85	87	88	89	90	90	90	90	90	90	90	90	90	90	90	90	90	90	90	90	90	90	90	90	
2820	0	0	0	1	1	3	6	9	12	17	18	23	25	28	30	32	34	40	44	47	53	56	61	68	73	78	84	86	86	88	88	89	89	90	90	90	90	90	90	90	90	90	90	90	90	90	90	90	90	90	90	90	
2830	0	0	0	0	0	3	5	10	13	15	21	22	25	27	32	36	37	41	45	48	51	52	59	64	74	76	80	84	87	89	89	89	90	90	90	90	90	90	90	90	90	90	90	90	90	90	90	90	90	90	90	90	
2840	0	0	0	0	1	2	4	7	11	15	20	23	27	28	29	34	37	40	45	46	50	54	59	68	73	78	79	84	87	89	89	89	89	89	89	89	89	89	89	89	89	89	89	89	89	89	89	89	89	89	89	89	
2850	0	0	0	0	1	3	6	9	13	15	21	24	26	28	30	33	39	40	42	47	49	54	60	67	73	77	82	85	86	88	89	89	89	89	89	89	89	89	89	89	89	89	89	89	89	89	89	89	89	89	89	89	
2860	0	0	0	2	2	4	6	9	13	15	19	21	25	27	29	33	36	39	42	46	51	56	62	69	72	81	83	84	87	88	89	89	89	89	89	89	89	89	89	89	89	89	89	89	89	89	89	89	89	89	89	89	
2870	0	0	1	1	1	2	6	8	11	17	23	23	25	28	28	32	36	39	41	46	51	58	62	66	72	79	82	85	86	87	88	88	89	89	89	89	89	89	89	89	89	89	89	89	89	89	89	89	89	89	89	89	
2880	0	0	0	1	1	2	4	7	12	18	23	24	25	27	27	31	35	39	42	45	49	54	59	67	71	78	81	87	87	87	87	87	88	89	89	89	89	89	89	89	89	89	89	89	89	89	89	89	89	89	89	89	
2890	0	0	0	1	1	2	5	10	14	15	21	22	24	27	29	31	34	37	43	46	51	57	63	67	74	78	80	84	86	87	87	87	88	89	89	89	89	89	89	89	89	89	89	89	89	89	89	89	89	89	89	89	
2900	0	0	1	1	2	5	5	9	14	17	20	22	25	27	29	33	36	37	45	48	51	58	62	65	73	78	80	84	86	87	87	88	88	89	89	89	89	89	89	89	89	89	89	89	89	89	89	89	89	89	89	89	
2910	0	0	0	1	2	3	5	11	15	19	20	23	26	28	30	34	35	39	44	47	53	55	59	69	73	81	83	84	85	85	86	86	88	88	88	88	88	88	88	88	88	88	88	88	88	88	88	88	88	88	88	88	
2920	0	0	0	0	0	2	5	8	13	19	21	23	25	30	33	34	36	39	44	52	54	56	63	68	73	75	83	84	85	86	87	89	89	89	89	89	89	89	89	89	89	89	89	89	89	89	89	89	89	89	89	89	
2930	0	0	1	1	2	3	7	11	15	17	20	23	25	29	30	32	34	38	45	50	53	59	65	71	75	77	80	83	87	88	88	89	89	89	89	89	89	89	89	89	89	89	89	89	89	89	89	89	89	89	89	89	
2940	0	0	2	2	2	3	6	10	13	17	18	22	26	28	32	33	40	42	45	48	51	59	65	70	74	76	83	83	87	87	89	89	89	89	89	89	89	89	89	89	89	89	89	89	89	89	89	89	89	89	89	89	
2950	0	1	1	2	2	3	5	10	14	16	19	22	24	26	32	34	38	40	43	52	54	61	66	71	77	81	82	85	87	87	89	89	89	89	89	89	89	89	89	89	89	89	89	89	89	89	89	89	89	89	89	89	
2960	0	1	1	2	2	3	5	8	13	18	20	22	24	27	29	33	37	44	48	51	59	64	68	73	77	77	82	84	85	88	89	89	89	89	89	89	89	89	89	89	89	89	89	89	89	89	89	89	89	89	89	89	
2970	0	0	0	1	3	4	6	10	15	18	19	23	25	29	31	35	40	44	46	52	56	60	65	72	74	78	84	86	90	90	90	90	90	90	90	90	90	90	90	90	90	90	90	90	90	90	90	90	90	90	90	90	
2980	0	0	1	2	2	3	5	8	13	17	20	21	27	32	35	35	38	42	47	50	56	62	67	71	76	77	81	86	88	88	89	90	90	90	90	90	90	90	90	90	90	90	90	90	90	90	90	90	90	90	90	90	
2990	0	0	1	1	2	3	10	12	14	19	19	22	25	27	32	36	36	39	48	50	53	59	67	69	75	78	83	85	88	90	90	90	90	90	90	90	90	90	90	90	90	90	90	90	90	90	90	90	90	90	90	90	
3000	0	0	0	2	6	6	6	12	13	16	19	22	24	28	32	34	37	43	45	51	55	55	63	69	78	83	85	86	89	90	90	90	90	90	90	90	90	90	90	90	90	90	90	90	90	90	90	90	90	90	90	90	
3010	0	0	0	2	3	6	8	10	14	19	22	23	25	28	31	35	40	42	45	48	53	57	63	73	77	79	81	87	88	89	89	89	89	89	89	89	89	89	89	89	89	89	89	89	89	89	89	89	89	89	89	89	
3020	0	0	1	4	4	4	7	9	14	16	20	21	24	28	30	34	39	42	44	48	50	60	63	71	74	82	85	85	85	87	88	89	89	89	89	89	89	89	89	89	89	89	89	89	89	89	89	89	89	89	89	89	
3030	0	0	0	2	4	6	9	10	12	17	20	22	23	26	31	38	40	43	46	50	53	59	67	72	77	82	84	84	85	87	88	89	89	89	89	89	89	89	89	89	89	89	89	89	89	89	89	89	89	89	89	89	
3040	0	0	1	4	4	6	10	13	16	18	19	20	27	28	34	38	41	43	43	46	53	56	65	68	75	81	82	84	88	88	88	89	89	90	90	90	90	90	90	90	90	90	90	90	90	90	90	90	90	90	90	90	
3050	0	1	2	3	3	6	8	10	18	18	20	21	24	26	35	40	41	43	46	51	55	58	68	73	76	80	86	87	88	88	89	90	90	90	90	90	90	90	90	90	90	90	90	90	90	90	90	90	90	90	90	90	
3060	0	0	1	2	4	6	8	12	13	18	20	22	26	29	32	39	40	44	47	48	53	56	61	63	76	83	85	87	87	88	88	89	90	90	90	90	90	90	90	90	90	90	90	90	90	90	90	90	90	90	90	90	
3070	0	0	0	2	4	6	9	13	15	21	22	22	26	29	32	36	40	45	46	46	52	53	60	69	77	79	82	84	84	87	88	89	89	90	90	90	90	90	90	90	90	90	90	90	90	90	90	90	90	90	90	90	
3080	0	1	1	1	2	5	7	14	16	18	20	22	25	30	32	37	41	43	44	48	50	57	64	69	79	81	82	83	86	88	89	89	90	90	90	90	90	90	90	90	90	90	90	90	90	90	90	90	90	90	90	90	
3090	0	0	2	3	3	5	8	13	16	18	22	23	25	28	36	39	41	42	45	49	55	61	66	71	76	80	82	86	86	87	87	88	89	89	90	90	90	90	90	90	90	90	90	90	90	90	90	90	90	90	90	90	
3100	0	0	0	2	3	4	10	13	15	19	21	22	26	31	34	39	39	43	45	47	54	58	68	70	74	79	86	86	87	89	89	89	89	89	89	89	90	90	90	90	90	90	90	90	90	90	90	90	90	90	90	90	
3110	0	0	1	1	2	7	9	13	14	18	18	20	21	28	31	36	40	44	47	49	55	59	65	72	75	81	83	85	87	88	89	89	90	90	90	90	90	90	90	90	90	90	90	90	90	90	90	90	90	90	90	90	
3120	0	1	1	2	3	6	8	11	17	20	21	23	24	26	29	35	40	43	47	48	54	57	62	70	77	80	84	88	88	88	89	89	89	89	89	90	90	90	90	90	90	90	90	90	90	90	90	90	90	90	90	90	
3130	0	0	0	1	4	5	7	12	15	19	21	23	24	28	31	36	38	42	45	49	49	60	64	72	76	78	82	83	88	88	88	88	90	90	90	90	90	90	90	90	90	90	90	90	90	90	90	90	90	90	90	90	
3140	0	0	1	2	4	7	8	13	15	20	21	23	25	28	32	34	40	42	44	53	56	59	65	73	78	79	82	84	87	88	89	90	90	90	90	90	90	90	90	90	90	90	90	90	90	90	90	90	90	90	90	90	
3150	0	0	1	1	3	4	6	11	14	17	18	21	23	27	28	35	38	41	43	49	51	57	63	66	74	79	81	84	86	88	88	90	90	90	90	90	90	90	90	90	90	90	90	90	90	90	90	90	90	90	90	90	
3160	0	0	0	1	1	4	6	10	13	16	18	22	25	30	33	34	37	41	43	47	53	59	65	71	76	79	82	85	87	88	89	90	90	90	90	90	90	90	90	90	90	90	90	90	90	90	90	90	90	90	90	90	
3170	0	0	0	0	0	1	7	8	14	19	19	22	23	26	30	35	39	40	44	47	51	57	61	66	74	74	78	84	87	87	89	90	90	90	90	90	90	90	90	90	90	90	90	90	90	90	90	90	90	90	90	90	
3180	0	0	0	1	2	2	6	9	12	16	17	21	24	30	33	37	38	41	45	51	54	56	61	63	73	83	84	85	86	87	88	90	90	90	90	90	90	90	90	90	90	90	90	90	90	90	90	90	90	90	90	90	
3190	0	0	0	0	1	4	7	12	18	19	19	23	24	25	28	38	38	40	42	48	51	58	62	70	74	79	81	84	86	87	89	89	90	90	90	90	90	90	90	90	90	90	90	90	90	90	90	90	90	90	90	90	
3200	0	0	0	0	2	6	8	12	15	19	19	20	23	27	35	36	40	41	45	48	53	58	63	70	77	82	82	83	84	87	87	88	89	90	90	90	90	90	90	90	90	90	90	90	90	90	90	90	90	90	90	90	
3210	0	0	0	0	1	4	7	12	15	17	20	24	25	28	32	34	40	43	43	46	50	57	61	68	73	78	81	83	86	87	87	90	90	90	90	90	90	90	90	90	90	90	90	90	90	90	90	90	90	90	90	90	
3220	0	0	0	0	1	4	9	11	17	19	22	24	24	24	29	35	38	41	41	47	51	57	64	73	77	79	82	85	86	87	87	89	90	90	90	90	90	90	90	90	90	90	90	90	90	90	90	90	90	90	90	90	
3230	0	0	0	1	2	5	8	11	18	19	20	22	25	27	32	35	37	42	44	45	52	61	69	74	79	80	81	85	88	89	89	89	89	89	89	89	89	89	89	89	89	89	89	89	89	89	89	89	89	89	89	89	
3240	0	0	0	1	3	6	9	13	17	20	20	20	24	29	29	38	39	43	45	50	55	60	66	73	77	81	83	86	88	89	89	89	90	90	90	90	90	90	90	90	90	90	90	90	90	90	90	90	90	90	90	90	
3250	0	0	0	1	2	5	6	12	16	20	20	23	26	27	32	35	41	44	46	51	54	60	64	70	76	80	85	87	87	89	89	90	90	90	90	90	90	90	90	90	90	90	90	90	90	90	90	90	90	90	90	90	
3260	0	0	0	0	1	2	7	11	15	18	20	21	28	32	35	36	39	44	47	49	56	58	62	67	75	80	83	86	88	88	89	89	89	90	90	90	90	90	90	90	90	90	90	90	90	90	90	90	90	90	90	90	
3270	0	0	0	1	1	2	6	10	14	19	20	22	24	29	33	36	42	43	49	52	55	59	65	70	75	79	85	87	88	89	90	90	90	90	90	90	90	90	90	90	90	90	90	90	90	90	90	90	90	90	90	90	
3280	0	0	0	0	2	5	7	9	14	19	19	24	26	28	34	35	38	47	51	58	60	63	66	71	75	82	86	87	88	89	89	90	90	90	90	90	90	90	90	90	90	90	90	90	90	90	90	90	90	90	90	90	
3290	0	0	0	1	1	3	7	12	17	19	22	23	25	27	33	35	38	43	50	51	56	60	64	71	76	82	83	86	87	90	90	90	90	90	90	90	90	90	90	90	90	90	90	90	90	90	90	90	90	90	90	90	
3300	0	0	0	0	0	5	8	12	18	20	22	23	24	26	32	36	41	45	48	50	51	58	65	71	78	84	85	88	89	90	90	90	90	90	90	90	90	90	90	90	90	90	90	90	90	90	90	90	90	90	90	90	
3310	0	0	0	1	1	4	8	11	17	18	19	21	24	26	28	34	41	45	47	50	53	60	63	69	74	81	85	87	87	89	89	89	89	89	89	89	89	89	89	89	89	89	89	89	89	89	89	89	89	89	89	89	
3320	0	0	0	2	2	4	8	12	15	19	19	19	20	24	29	32	36	43	46	48	53	60	66	70	76	78	83	86	87	88	88	88	88	89	89	89	89	89	89	89	89	89	89	89	89	89	89	89	89	89	89	89	
3330	0	0	1	1	5	9	10	15	16	18	18	21	21	26	27	37	41	45	48	50	58	61	65	69	76	80	84	85	87	88	88	89	90	90	90	90	90	90	90	90	90	90	90	90	90	90	90	90	90	90	90	90	
3340	0	0	0	2	2	5	11	14	17	19	20	20	21	23	26	34	39	43	44	49	55	58	66	72	81	82	84	88	89	89	89	89	89	89	90	90	90	90	90	90	90	90	90	90	90	90	90	90	90	90	90	90	
3350	0	0	1	1	3	7	10	15	19	19	19	20	21	23	28	34	42	45	47	50	55	58	64	73	74	81	84	84	87	88	88	89	89	89	90	90	90	90	90	90	90	90	90	90	90	90	90	90	90	90	90	90	
3360	0	0	0	1	3	4	12	14	16	17	20	21	23	28	29	37	40	45	47	49	55	62	64	71	75	82	85	85	85	89	89	90	90	90	90	90	90	90	90	90	90	90	90	90	90	90	90	90	90	90	90	90	
3370	0	0	0	2	3	7	9	12	15	16	20	21	23	24	29	33	37	44	48	52	58	64	68	72	77	79	82	84	86	88	89	89	89	89	90	90	90	90	90	90	90	90	90	90	90	90	90	90	90	90	90	90	
3380	0	0	0	3	3	6	6	11	14	18	20	20	25	26	30	34	40	41	46	49	57	61	65	69	73	78	84	84	87	88	89	89	90	90	90	90	90	90	90	90	90	90	90	90	90	90	90	90	90	90	90	90	
3390	0	0	0	1	4	5	8	13	15	18	19	20	23	25	32	35	39	41	47	52	52	55	61	68	74	77	82	85	89	89	90	90	90	90	90	90	90	90	90	90	90	90	90	90	90	90	90	90	90	90	90	90	
3400	0	1	1	1	2	4	8	12	15	17	20	21	24	24	30	34	38	41	42	50	55	57	65	69	76	80	82	85	88	89	89	90	90	90	90	90	90	90	90	90	90	90	90	90	90	90	90	90	90	90	90	90	
3410	0	0	1	1	3	5	7	14	16	17	18	20	26	27	30	36	38	41	44	48	52	55	61	68	78	82	86	88	88	88	89	89	89	90	90	90	90	90	90	90	90	90	90	90	90	90	90	90	90	90	90	90	
3420	0	0	1	1	3	7	10	13	15	18	19	22	23	28	31	35	38	41	46	48	53	57	63	72	75	83	84	86	86	88	89	89	90	90	90	90	90	90	90	90	90	90	90	90	90	90	90	90	90	90	90	90	
3430	0	0	0	0	4	5	8	13	15	19	23	25	26	28	29	34	39	39	40	46	49	56	62	70	76	81	84	87	88	88	89	89	90	90	90	90	90	90	90	90	90	90	90	90	90	90	90	90	90	90	90	90	
3440	0	0	0	1	4	7	10	13	17	20	22	25	26	27	28	34	36	41	43	47	49	57	64	69	75	81	84	86	88	90	90	90	90	90	90	90	90	90	90	90	90	90	90	90	90	90	90	90	90	90	90	90	
3450	0	0	0	0	4	8	9	13	17	18	20	23	24	27	32	35	37	40	40	46	48	52	64	70	76	79	82	85	87	87	87	89	89	89	89	89	89	89	89	89	89	89	89	89	89	89	89	89	89	89	89	89	
3460	0	0	0	0	3	8	10	15	17	19	20	22	25	27	31	36	40	42	43	46	52	58	66	68	71	79	84	86	86	87	89	90	90	90	90	90	90	90	90	90	90	90	90	90	90	90	90	90	90	90	90	90	
3470	0	0	0	0	3	7	11	16	16	22	22	22	24	27	32	37	41	43	44	48	51	59	62	68	77	81	83	84	86	88	89	89	90	90	90	90	90	90	90	90	90	90	90	90	90	90	90	90	90	90	90	90	
3480	0	0	0	1	4	4	7	11	16	18	21	23	23	28	30	35	36	40	44	48	54	61	66	73	77	79	85	87	87	88	90	90	90	90	90	90	90	90	90	90	90	90	90	90	90	90	90	90	90	90	90	90	
3490	0	0	0	1	4	5	10	12	17	17	20	20	24	25	28	35	39	43	44	46	52	56	62	67	75	80	83	85	87	87	89	90	90	90	90	90	90	90	90	90	90	90	90	90	90	90	90	90	90	90	90	90	
3500	0	0	0	0	2	7	10	14	18	19	21	22	25	27	29	35	37	41	45	47	53	57	62	71	77	81	82	86	88	88	89	90	90	90	90	90	90	90	90	90	90	90	90	90	90	90	90	90	90	90	90	90	
3510	0	0	0	0	1	4	8	13	17	20	22	23	24	27	31	36	41	44	47	49	51	54	58	69	76	79	83	86	88	89	89	90	90	90	90	90	90	90	90	90	90	90	90	90	90	90	90	90	90	90	90	90	
3520	0	0	0	1	3	4	7	10	18	20	21	23	24	25	33	37	39	42	47	50	50	60	62	68	72	80	84	88	89	90	90	90	90	90	90	90	90	90	90	90	90	90	90	90	90	90	90	90	90	90	90	90	
3530	0	0	0	1	1	2	8	11	15	19	21	23	25	28	31	33	36	42	44	48	51	54	58	64	70	78	82	86	88	88	89	90	90	90	90	90	90	90	90	90	90	90	90	90	90	90	90	90	90	90	90	90	
3540	0	0	0	1	2	4	6	11	16	18	21	22	25	29	34	37	38	40	44	46	50	55	59	63	72	78	82	85	87	88	89	89	89	90	90	90	90	90	90	90	90	90	90	90	90	90	90	90	90	90	90	90	
3550	0	0	0	2	2	3	5	10	17	22	22	24	26	28	32	34	36	41	43	43	50	54	60	70	75	78	82	83	86	87	89	90	90	90	90	90	90	90	90	90	90	90	90	90	90	90	90	90	90	90	90	90	
3560	0	0	2	2	2	5	8	13	18	21	22	23	26	28	29	35	38	39	42	46	51	56	65	71	75	77	82	84	85	85	89	90	90	90	90	90	90	90	90	90	90	90	90	90	90	90	90	90	90	90	90	90	
3570	0	0	1	2	2	4	9	12	16	18	21	22	25	29	30	34	35	41	46	49	53	56	62	67	72	83	85	86	88	88	90	90	90	90	90	90	90	90	90	90	90	90	90	90	90	90	90	90	90	90	90	90	
3580	0	0	0	0	2	3	8	11	12	18	20	23	25	26	31	33	37	43	45	46	48	55	63	71	75	79	82	84	87	89	90	90	90	90	90	90	90	90	90	90	90	90	90	90	90	90	90	90	90	90	90	90	
3590	0	0	1	2	2	5	7	15	17	20	21	24	26	29	31	34	34	38	43	44	47	55	61	67	77	80	83	88	89	89	90	90	90	90	90	90	90	90	90	90	90	90	90	90	90	90	90	90	90	90	90	90	
3600	0	0	1	1	2	4	8	12	14	19	20	22	24	25	29	33	34	36	41	45	49	58	61	65	72	77	79	83	89	89	90	90	90	90	90	90	90	90	90	90	90	90	90	90	90	90	90	90	90	90	90	90	
3610	0	0	1	3	4	6	9	12	16	20	22	24	25	27	28	32	34	39	41	44	49	53	58	68	72	76	85	87	90	90	90	90	90	90	90	90	90	90	90	90	90	90	90	90	90	90	90	90	90	90	90	90	
3620	0	0	1	1	2	5	10	12	15	17	20	23	24	25	29	30	33	36	40	48	49	53	62	66	71	79	82	85	88	89	90	90	90	90	90	90	90	90	90	90	90	90	90	90	90	90	90	90	90	90	90	90	
3630	0	0	0	2	2	6	9	11	15	20	22	22	24	27	28	29	34	35	40	45	48	54	60	68	70	76	81	84	87	89	90	90	90	90	90	90	90	90	90	90	90	90	90	90	90	90	90	90	90	90	90	90	
3640	0	0	1	3	3	5	9	11	14	17	18	18	23	24	29	30	35	37	39	43	47	57	63	67	72	75	81	84	87	89	90	90	90	90	90	90	90	90	90	90	90	90	90	90	90	90	90	90	90	90	90	90	
3650	0	0	0	2	3	7	9	11	14	17	20	21	22	26	28	33	34	37	40	40	47	54	65	68	71	76	81	85	88	89	89	90	90	90	90	90	90	90	90	90	90	90	90	90	90	90	90	90	90	90	90	90	
3660	0	0	0	1	4	6	8	13	15	19	20	21	24	26	30	34	34	35	39	46	51	54	61	67	71	78	82	85	87	88	88	90	90	90	90	90	90	90	90	90	90	90	90	90	90	90	90	90	90	90	90	90	
3670	0	0	0	0	2	5	11	13	14	17	21	21	23	27	29	31	36	38	41	45	49	54	59	70	76	82	85	87	87	87	87	89	89	90	90	90	90	90	90	90	90	90	90	90	90	90	90	90	90	90	90	90	
3680	0	0	0	1	4	8	12	14	14	19	23	23	24	25	27	30	33	38	42	45	50	53	59	68	74	80	84	86	87	87	87	88	89	89	89	89	89	89	89	89	89	89	89	89	89	89	89	89	89	89	89	89	
3690	0	0	0	0	2	6	9	12	14	17	20	21	21	23	26	30	33	37	40	41	49	55	63	71	78	80	82	84	87	88	88	90	90	90	90	90	90	90	90	90	90	90	90	90	90	90	90	90	90	90	90	90	
3700	0	0	0	0	3	5	11	13	16	18	20	20	23	26	29	30	34	37	40	45	49	54	64	69	75	80	85	87	87	88	88	88	89	89	89	89	89	89	89	89	89	89	89	89	89	89	89	89	89	89	89	89	
3710	0	0	0	1	1	6	10	12	15	18	20	21	24	27	30	32	32	36	40	42	46	59	64	66	70	76	84	86	87	88	88	89	89	89	89	89	89	89	89	89	89	89	89	89	89	89	89	89	89	89	89	89	
3720	0	0	0	0	1	4	8	12	14	18	20	22	26	27	30	33	34	36	40	43	47	54	61	66	74	81	83	85	88	88	88	89	89	89	89	89	89	89	89	89	89	89	89	89	89	89	89	89	89	89	89	89	
3730	0	0	0	1	1	3	6	11	13	16	20	22	24	27	29	30	33	40	41	43	49	55	61	67	73	77	85	86	88	88	89	89	89	89	89	89	89	89	89	89	89	89	89	89	89	89	89	89	89	89	89	89	
3740	0	0	1	1	2	4	8	9	14	16	20	23	25	27	30	32	36	38	43	45	50	55	58	65	72	79	83	84	88	88	88	88	89	89	89	89	89	89	89	89	89	89	89	89	89	89	89	89	89	89	89	89	
3750	0	0	1	1	3	5	7	10	12	17	19	23	25	31	31	32	37	39	43	48	52	58	66	68	72	78	84	87	88	88	89	89	89	89	89	89	89	89	89	89	89	89	89	89	89	89	89	89	89	89	89	89	
3760	0	0	0	2	3	4	5	10	14	17	22	24	25	28	32	33	37	39	44	47	50	54	59	67	76	79	84	88	88	88	88	88	89	89	89	89	89	89	89	89	89	89	89	89	89	89	89	89	89	89	89	89	
3770	0	0	0	2	4	4	7	10	15	18	19	25	26	31	33	34	35	38	40	44	50	54	63	67	71	81	84	86	88	90	90	90	90	90	90	90	90	90	90	90	90	90	90	90	90	90	90	90	90	90	90	90	
3780	0	0	1	1	3	5	8	11	13	16	19	20	24	31	33	35	37	41	44	45	52	58	62	71	77	82	84	87	87	88	89	89	89	89	89	89	89	89	89	89	89	89	89	89	89	89	89	89	89	89	89	89	
3790	0	0	0	0	2	4	8	10	14	19	19	24	27	31	33	36	40	44	46	48	56	58	65	68	74	79	84	87	89	89	89	89	89	89	89	89	89	89	89	89	89	89	89	89	89	89	89	89	89	89	89	89	
3800	0	0	0	0	2	3	6	10	12	17	20	24	27	30	34	35	37	39	44	49	53	58	66	71	77	84	88	88	88	89	89	89	89	89	89	89	89	89	89	89	89	89	89	89	89	89	89	89	89	89	89	89	
3810	0	0	0	0	3	4	9	14	16	17	19	21	22	28	33	35	39	42	43	47	53	59	64	72	81	83	88	88	88	88	88	88	89	89	89	89	89	89	89	89	89	89	89	89	89	89	89	89	89	89	89	89	
3820	0	0	0	0	0	4	6	11	14	17	20	21	22	26	30	33	34	37	43	45	49	56	66	74	80	83	86	89	89	89	89	89	89	89	90	90	90	90	90	90	90	90	90	90	90	90	90	90	90	90	90	90	
3830	0	0	0	1	1	4	5	10	16	17	19	21	23	27	31	34	36	42	47	50	54	60	67	73	80	84	86	89	89	89	89	89	90	90	90	90	90	90	90	90	90	90	90	90	90	90	90	90	90	90	90	90	
3840	0	0	0	0	2	3	7	11	14	19	20	22	25	30	31	34	41	44	45	48	54	58	66	77	80	82	83	86	89	89	89	89	89	90	90	90	90	90	90	90	90	90	90	90	90	90	90	90	90	90	90	90	
3850	0	0	0	1	1	2	5	8	14	16	21	23	25	25	29	31	36	40	42	51	54	58	67	76	81	82	86	86	87	88	89	90	90	90	90	90	90	90	90	90	90	90	90	90	90	90	90	90	90	90	90	90	
3860	0	0	0	0	2	4	7	11	16	18	20	23	26	28	30	33	35	39	43	49	55	61	68	72	75	79	81	88	89	89	90	90	90	90	90	90	90	90	90	90	90	90	90	90	90	90	90	90	90	90	90	90	
3870	0	0	0	0	1	4	7	13	15	19	21	23	23	25	28	30	36	40	45	47	54	62	68	71	77	80	84	86	89	90	90	90	90	90	90	90	90	90	90	90	90	90	90	90	90	90	90	90	90	90	90	90	
3880	0	0	0	0	2	6	9	12	18	20	21	24	24	26	28	30	34	37	42	51	57	62	70	72	73	79	82	86	89	89	90	90	90	90	90	90	90	90	90	90	90	90	90	90	90	90	90	90	90	90	90	90	
3890	0	0	0	0	2	4	8	12	15	20	20	23	26	28	29	30	35	40	43	48	56	63	65	74	77	78	84	86	88	90	90	90	90	90	90	90	90	90	90	90	90	90	90	90	90	90	90	90	90	90	90	90	
3900	0	0	0	0	2	6	9	11	16	19	21	23	24	28	30	31	32	37	41	46	55	60	65	74	78	84	86	88	89	90	90	90	90	90	90	90	90	90	90	90	90	90	90	90	90	90	90	90	90	90	90	90	
3910	0	0	0	0	3	4	8	10	13	20	21	22	25	26	26	30	34	38	44	48	53	56	66	73	77	82	87	88	88	89	90	90	90	90	90	90	90	90	90	90	90	90	90	90	90	90	90	90	90	90	90	90	
3920	0	0	1	2	3	4	7	13	15	19	22	23	23	25	28	33	35	37	42	47	53	62	69	75	79	82	85	88	90	91	91	91	91	91	91	91	91	91	91	91	91	91	91	91	91	91	91	91	91	91	91	91	
3930	0	0	0	1	3	5	7	10	15	21	22	23	25	28	29	34	38	40	43	46	56	63	70	74	80	81	83	88	89	89	91	91	91	91	91	91	91	91	91	91	91	91	91	91	91	91	91	91	91	91	91	91	
3940	0	0	1	1	2	5	8	13	16	18	21	23	26	28	29	33	35	38	41	47	53	59	66	69	76	82	83	86	91	91	91	91	91	91	91	91	91	91	91	91	91	91	91	91	91	91	91	91	91	91	91	91	
3950	0	0	0	3	4	5	8	8	14	17	19	21	23	26	26	32	36	40	45	46	52	59	68	72	76	83	86	87	89	90	90	90	91	91	91	91	91	91	91	91	91	91	91	91	91	91	91	91	91	91	91	91	
3960	0	0	0	3	4	6	10	14	17	19	21	23	27	28	29	33	34	39	41	47	50	59	64	74	80	86	86	87	90	90	91	91	91	91	91	91	91	91	91	91	91	91	91	91	91	91	91	91	91	91	91	91	
3970	0	0	0	1	3	5	8	12	16	19	21	23	26	26	29	33	34	35	42	45	51	56	65	73	79	81	86	86	87	87	90	90	90	90	90	90	90	90	90	90	90	90	90	90	90	90	90	90	90	90	90	90	
3980	0	0	0	1	4	6	11	15	17	18	19	23	24	27	29	34	35	37	43	49	54	60	69	78	81	83	85	87	89	91	91	91	91	91	91	91	91	91	91	91	91	91	91	91	91	91	91	91	91	91	91	91	
3990	0	0	0	1	2	9	11	14	15	18	19	23	24	26	29	31	36	37	42	46	54	58	68	76	80	82	86	86	89	90	90	91	91	91	91	91	91	91	91	91	91	91	91	91	91	91	91	91	91	91	91	91	
4000	0	0	0	0	6	10	11	14	15	20	20	22	23	25	28	29	35	39	45	49	52	57	63	73	79	83	85	86	88	89	89	89	89	90	90	90	90	90	90	90	90	90	90	90	90	90	90	90	90	90	90	90	
4010	0	0	0	3	4	6	10	15	17	19	21	22	23	26	28	29	36	42	44	47	51	56	64	69	75	81	85	89	90	91	91	91	91	91	91	91	91	91	91	91	91	91	91	91	91	91	91	91	91	91	91	91	
4020	0	0	1	1	4	6	9	13	17	19	20	23	25	26	30	32	36	39	41	49	51	54	56	70	76	81	84	87	89	89	90	90	90	90	90	90	90	90	90	90	90	90	90	90	90	90	90	90	90	90	90	90	
4030	0	0	0	0	4	5	9	11	12	17	20	21	24	26	28	30	34	37	44	47	50	57	64	69	75	83	85	85	88	89	89	89	90	90	90	90	90	90	90	90	90	90	90	90	90	90	90	90	90	90	90	90	
4040	0	0	0	1	3	7	10	12	18	19	20	21	23	25	26	30	32	37	45	48	53	59	66	72	79	81	85	86	87	89	89	89	89	89	89	89	89	89	89	89	89	89	89	89	89	89	89	89	89	89	89	89	
4050	0	0	0	1	3	5	12	14	16	18	19	21	22	24	28	33	36	40	46	52	57	63	69	76	80	83	85	87	89	90	90	90	90	90	90	90	90	90	90	90	90	90	90	90	90	90	90	90	90	90	90	90	
4060	0	0	0	1	3	9	11	13	17	20	20	21	23	25	28	31	38	41	45	46	52	59	64	70	78	80	83	85	86	89	89	89	89	89	89	89	89	89	89	89	89	89	89	89	89	89	89	89	89	89	89	89	
4070	0	0	0	3	3	6	12	14	17	19	20	21	22	26	28	28	34	39	44	50	53	61	65	70	77	82	87	87	87	88	88	89	90	90	90	90	90	90	90	90	90	90	90	90	90	90	90	90	90	90	90	90	
4080	0	0	0	1	3	8	11	13	15	17	20	21	25	28	29	34	37	41	46	52	54	60	64	69	78	83	84	87	87	88	89	90	90	90	90	90	90	90	90	90	90	90	90	90	90	90	90	90	90	90	90	90	
4090	0	0	0	0	1	5	8	11	16	17	19	22	23	27	30	35	39	43	47	52	55	61	67	70	80	83	85	85	87	89	90	90	90	90	90	90	90	90	90	90	90	90	90	90	90	90	90	90	90	90	90	90	
4100	0	0	0	0	1	5	9	14	15	18	20	21	24	25	30	35	38	39	43	49	56	61	67	71	81	83	87	87	88	90	91	91	91	91	91	91	91	91	91	91	91	91	91	91	91	91	91	91	91	91	91	91	
4110	0	0	0	2	2	2	10	12	14	15	17	19	24	28	29	32	36	40	44	46	51	57	68	72	78	81	83	85	86	88	88	89	89	89	89	89	89	89	89	89	89	89	89	89	89	89	89	89	89	89	89	89	
4120	0	0	0	1	4	7	11	14	16	17	21	23	23	24	28	33	36	44	48	50	54	58	65	72	77	80	83	86	88	88	88	89	90	90	90	90	90	90	90	90	90	90	90	90	90	90	90	90	90	90	90	90	
4130	0	0	1	1	4	5	10	12	15	17	20	22	23	23	26	32	36	38	46	51	55	59	70	72	75	80	83	85	86	89	90	90	90	90	90	90	90	90	90	90	90	90	90	90	90	90	90	90	90	90	90	90	
4140	0	0	0	0	3	6	9	12	16	20	21	22	23	24	26	31	36	41	46	48	55	62	66	70	77	81	84	85	88	89	89	90	90	90	90	90	90	90	90	90	90	90	90	90	90	90	90	90	90	90	90	90	
4150	0	0	0	0	3	4	10	12	16	18	20	22	23	24	28	31	33	38	43	50	55	60	65	69	77	80	85	86	86	89	89	89	89	90	90	90	90	90	90	90	90	90	90	90	90	90	90	90	90	90	90	90	
4160	0	0	0	1	6	7	8	13	16	16	19	22	22	22	25	32	37	43	45	49	54	61	66	73	79	81	84	86	87	88	90	90	90	90	90	90	90	90	90	90	90	90	90	90	90	90	90	90	90	90	90	90	
4170	0	0	0	1	4	7	10	12	15	17	19	22	22	23	24	31	34	38	43	48	56	58	64	72	79	81	83	86	90	90	90	90	90	90	90	90	90	90	90	90	90	90	90	90	90	90	90	90	90	90	90	90	
4180	0	0	1	2	3	5	9	12	18	18	22	23	24	24	27	33	36	40	44	51	56	60	67	73	78	80	84	85	88	88	90	90	90	90	90	90	90	90	90	90	90	90	90	90	90	90	90	90	90	90	90	90	
4190	0	0	0	2	3	5	8	13	16	16	18	21	23	26	29	31	37	41	49	52	56	59	65	74	78	80	85	88	88	88	89	90	90	90	90	90	90	90	90	90	90	90	90	90	90	90	90	90	90	90	90	90	
4200	0	0	0	1	3	3	12	15	19	20	23	23	24	25	27	28	33	40	48	50	55	61	68	74	77	83	86	88	88	88	88	90	90	90	90	90	90	90	90	90	90	90	90	90	90	90	90	90	90	90	90	90	
4210	0	0	1	1	2	3	5	11	16	21	22	22	23	25	29	31	36	42	46	52	57	59	63	71	79	83	85	85	87	88	89	89	90	90	90	90	90	90	90	90	90	90	90	90	90	90	90	90	90	90	90	90	
4220	0	0	0	1	2	3	6	11	15	18	19	21	24	25	27	28	33	40	44	52	55	61	66	70	76	80	85	86	89	90	90	90	90	90	90	90	90	90	90	90	90	90	90	90	90	90	90	90	90	90	90	90	
4230	0	0	0	2	3	5	7	12	19	20	21	22	25	25	26	30	36	37	43	46	52	61	67	70	75	82	84	85	88	90	90	90	90	90	90	90	90	90	90	90	90	90	90	90	90	90	90	90	90	90	90	90	
4240	0	0	0	2	2	4	7	13	18	21	22	23	25	25	28	33	37	38	44	48	52	58	64	68	76	80	85	87	89	89	90	90	90	90	90	90	90	90	90	90	90	90	90	90	90	90	90	90	90	90	90	90	
4250	0	0	1	1	3	6	7	15	17	20	23	24	25	26	26	32	36	42	46	49	52	57	69	72	76	80	84	87	88	90	90	91	91	91	91	91	91	91	91	91	91	91	91	91	91	91	91	91	91	91	91	91	
4260	0	0	0	0	2	3	5	12	18	20	21	24	25	25	26	30	38	41	43	48	53	59	64	71	76	81	85	87	89	90	90	90	91	91	91	91	91	91	91	91	91	91	91	91	91	91	91	91	91	91	91	91	
4270	0	0	0	1	3	6	10	15	15	19	21	23	25	27	31	36	39	43	48	52	53	58	65	69	75	83	86	88	88	88	89	90	91	91	91	91	91	91	91	91	91	91	91	91	91	91	91	91	91	91	91	91	
4280	0	0	0	0	1	2	9	14	19	21	21	22	26	28	32	34	37	42	44	47	51	58	65	69	78	81	83	86	89	89	89	89	90	90	90	90	90	90	90	90	90	90	90	90	90	90	90	90	90	90	90	90	
4290	0	0	0	1	1	3	5	10	15	21	21	24	27	29	32	35	39	40	41	46	53	59	62	68	75	78	83	86	87	87	88	90	90	90	90	90	90	90	90	90	90	90	90	90	90	90	90	90	90	90	90	90	
4300	0	0	0	0	0	4	8	10	14	19	21	23	26	27	31	35	39	44	48	49	50	57	63	68	73	80	84	88	88	88	90	90	90	91	91	91	91	91	91	91	91	91	91	91	91	91	91	91	91	91	91	91	
4310	0	0	0	0	1	4	5	9	15	19	20	20	23	25	29	36	41	42	47	49	51	57	65	72	78	81	85	87	87	89	90	90	91	91	91	91	91	91	91	91	91	91	91	91	91	91	91	91	91	91	91	91	
4320	0	0	0	0	0	3	6	9	14	17	19	20	23	24	24	34	39	43	47	49	51	57	63	70	75	76	81	85	90	91	91	91	91	91	91	91	91	91	91	91	91	91	91	91	91	91	91	91	91	91	91	91	
4330	0	0	0	0	0	1	5	11	14	16	18	19	21	26	29	32	36	40	46	50	56	64	65	68	77	82	85	88	89	91	91	91	91	91	91	91	91	91	91	91	91	91	91	91	91	91	91	91	91	91	91	91	
4340	0	0	0	0	0	2	5	8	14	17	18	21	22	26	27	31	39	42	45	47	55	62	63	69	78	80	82	88	88	90	90	91	91	91	91	91	91	91	91	91	91	91	91	91	91	91	91	91	91	91	91	91	
4350	0	0	0	0	0	0	2	5	11	17	19	20	20	25	30	34	40	44	48	51	55	58	65	74	79	82	85	88	89	91	91	91	91	91	91	91	91	91	91	91	91	91	91	91	91	91	91	91	91	91	91	91	
4360	0	0	0	0	0	0	3	9	13	20	21	23	23	25	29	33	39	42	47	52	57	63	69	71	76	81	85	89	89	90	90	91	91	91	91	91	91	91	91	91	91	91	91	91	91	91	91	91	91	91	91	91	
4370	0	0	0	0	0	2	5	10	14	15	18	21	25	27	30	36	40	45	48	52	55	62	68	76	76	82	86	87	90	90	90	90	90	90	90	91	91	91	91	91	91	91	91	91	91	91	91	91	91	91	91	91	
4380	0	0	0	0	0	1	4	9	11	16	20	21	25	30	32	36	40	42	44	49	53	59	65	70	75	79	83	86	86	89	90	90	90	90	91	91	91	91	91	91	91	91	91	91	91	91	91	91	91	91	91	91	
4390	0	0	0	0	0	2	3	6	10	19	20	23	24	29	31	35	39	43	46	49	56	59	63	71	75	83	86	87	87	89	90	90	90	91	91	91	91	91	91	91	91	91	91	91	91	91	91	91	91	91	91	91	
4400	0	0	0	0	0	0	3	8	16	20	21	22	25	27	28	29	35	40	45	48	53	61	66	73	77	82	83	88	89	90	90	91	91	91	91	91	91	91	91	91	91	91	91	91	91	91	91	91	91	91	91	91	
4410	0	0	0	0	0	0	2	9	13	18	21	21	22	24	29	32	35	41	44	49	58	61	66	72	77	82	86	89	90	90	91	91	91	91	91	91	91	91	91	91	91	91	91	91	91	91	91	91	91	91	91	91	
4420	0	0	0	0	0	0	5	11	14	18	20	21	22	24	27	32	35	41	44	48	56	60	72	75	77	79	82	85	88	89	89	89	89	89	89	89	90	90	90	90	90	90	90	90	90	90	90	90	90	90	90	90	
4430	0	0	0	0	0	1	7	9	13	15	19	22	23	25	33	36	40	44	46	50	56	60	67	75	80	84	86	89	89	89	90	90	91	91	91	91	91	91	91	91	91	91	91	91	91	91	91	91	91	91	91	91	
4440	0	0	0	0	1	2	3	8	13	16	19	21	23	29	31	33	36	40	46	49	57	63	74	77	80	85	85	88	89	89	91	91	91	91	91	91	91	91	91	91	91	91	91	91	91	91	91	91	91	91	91	91	
4450	0	0	0	0	1	3	7	11	14	17	17	19	21	25	29	33	37	43	46	48	57	61	67	71	79	82	84	88	89	90	90	91	91	91	91	91	91	91	91	91	91	91	91	91	91	91	91	91	91	91	91	91	
4460	0	0	0	0	1	2	7	11	14	17	19	19	20	25	30	34	40	43	47	53	59	62	68	76	81	83	86	89	90	91	91	91	91	91	91	91	91	91	91	91	91	91	91	91	91	91	91	91	91	91	91	91	
4470	0	0	0	0	0	1	6	11	13	17	18	20	21	24	29	34	40	43	50	54	60	63	69	73	78	82	86	88	88	88	90	90	91	91	91	91	91	91	91	91	91	91	91	91	91	91	91	91	91	91	91	91	
4480	0	0	0	0	1	3	6	12	15	16	18	18	21	28	31	35	37	42	47	54	58	62	66	73	77	82	85	88	88	90	90	90	91	91	91	91	91	91	91	91	91	91	91	91	91	91	91	91	91	91	91	91	
4490	0	0	0	1	1	2	8	12	16	16	17	19	21	24	29	33	37	43	48	51	56	61	68	73	80	83	85	87	88	89	90	91	91	91	91	91	91	91	91	91	91	91	91	91	91	91	91	91	91	91	91	91	
4500	0	0	0	0	0	0	4	11	14	17	17	18	22	24	29	34	38	42	44	49	51	57	65	71	75	79	83	86	88	88	88	89	90	90	90	90	90	90	90	90	90	90	90	90	90	90	90	90	90	90	90	90	
4510	0	0	0	0	0	4	7	10	13	17	19	19	20	23	27	31	36	42	47	49	55	59	68	73	80	82	84	84	88	89	89	89	89	90	90	90	90	90	90	90	90	90	90	90	90	90	90	90	90	90	90	90	
4520	0	0	0	0	1	2	7	10	15	17	18	19	21	23	27	32	37	42	46	54	56	61	65	69	75	79	84	85	88	89	89	89	90	90	90	90	90	90	90	90	90	90	90	90	90	90	90	90	90	90	90	90	
4530	0	0	0	0	0	4	6	12	16	18	20	21	21	22	24	32	36	38	43	49	54	61	68	72	76	80	83	85	88	88	88	89	89	90	90	90	90	90	90	90	90	90	90	90	90	90	90	90	90	90	90	90	
4540	0	0	0	0	1	1	6	10	14	16	17	20	21	26	30	34	40	40	45	50	54	59	67	73	75	81	86	87	88	88	89	89	89	90	90	90	90	90	90	90	90	90	90	90	90	90	90	90	90	90	90	90	
4550	0	0	0	1	1	3	5	11	15	17	20	22	23	26	28	32	41	46	51	53	57	62	66	71	75	81	85	86	88	90	90	90	90	90	91	91	91	91	91	91	91	91	91	91	91	91	91	91	91	91	91	91	
4560	0	0	0	0	1	2	4	9	13	17	20	21	24	28	31	34	38	43	47	50	54	60	69	74	78	80	84	88	89	89	89	90	90	91	91	91	91	91	91	91	91	91	91	91	91	91	91	91	91	91	91	91	
4570	0	0	0	0	0	2	5	10	14	16	19	22	26	31	33	37	39	42	45	51	55	61	66	71	75	81	86	87	88	88	88	89	90	90	90	90	90	90	90	90	90	90	90	90	90	90	90	90	90	90	90	90	
4580	0	0	0	1	2	4	6	8	13	16	19	21	25	27	31	32	39	44	47	49	54	59	64	73	79	81	85	87	87	89	89	90	90	90	90	90	90	90	90	90	90	90	90	90	90	90	90	90	90	90	90	90	
4590	0	0	0	0	1	2	8	9	13	16	21	23	26	28	31	34	38	41	45	53	56	59	64	71	78	82	85	86	86	86	89	90	90	90	90	90	90	90	90	90	90	90	90	90	90	90	90	90	90	90	90	90	
4600	0	0	0	1	2	3	4	8	14	18	21	22	24	27	32	35	41	42	45	50	53	59	64	73	78	79	82	86	87	89	89	90	90	90	90	90	90	90	90	90	90	90	90	90	90	90	90	90	90	90	90	90	
4610	0	0	0	0	1	4	5	12	13	16	19	23	26	30	31	37	40	44	46	52	54	59	64	69	76	78	85	86	88	88	88	88	89	89	89	89	89	89	89	89	89	89	89	89	89	89	89	89	89	89	89	89	
4620	0	0	0	0	0	2	4	10	13	17	19	22	26	30	30	34	39	44	47	53	54	60	67	71	75	78	82	88	88	89	89	89	90	90	90	90	90	90	90	90	90	90	90	90	90	90	90	90	90	90	90	90	
4630	0	0	0	0	0	1	5	9	13	18	22	25	26	30	32	33	37	42	46	53	58	65	69	72	75	77	79	83	85	86	88	88	89	89	89	89	89	89	89	89	89	89	89	89	89	89	89	89	89	89	89	89	
4640	0	0	0	1	1	2	6	10	16	19	22	25	29	30	30	35	41	43	46	52	58	61	66	70	78	80	81	83	87	88	88	88	88	90	90	90	90	90	90	90	90	90	90	90	90	90	90	90	90	90	90	90	
4650	0	0	0	0	2	4	5	10	15	18	21	23	26	28	29	35	39	42	48	51	57	62	66	72	74	79	81	83	86	87	88	89	89	89	89	89	89	89	89	89	89	89	89	89	89	89	89	89	89	89	89	89	
4660	0	0	0	1	3	3	6	10	15	17	19	23	24	29	32	35	38	42	46	54	58	60	66	70	74	77	79	83	86	88	88	88	89	89	89	89	89	89	89	89	89	89	89	89	89	89	89	89	89	89	89	89	
4670	0	0	1	2	2	3	7	11	15	19	21	22	26	27	32	35	38	44	50	55	60	60	69	71	74	79	82	84	85	87	88	89	89	89	89	89	89	89	89	89	89	89	89	89	89	89	89	89	89	89	89	89	
4680	0	0	0	2	2	4	8	11	15	20	20	23	26	28	30	34	40	45	51	54	59	60	67	71	77	80	85	87	89	89	90	90	90	90	90	90	90	90	90	90	90	90	90	90	90	90	90	90	90	90	90	90	
4690	0	0	0	1	2	2	7	10	13	15	20	23	27	28	30	33	39	43	49	54	58	60	67	69	77	80	83	85	86	87	89	89	90	90	90	90	90	90	90	90	90	90	90	90	90	90	90	90	90	90	90	90	
4700	0	0	0	1	2	3	5	9	14	16	19	23	26	26	28	30	36	43	49	57	59	62	66	69	77	83	83	86	87	89	90	90	90	90	90	90	90	90	90	90	90	90	90	90	90	90	90	90	90	90	90	90	
4710	0	0	0	1	2	4	6	12	16	16	17	21	24	26	30	32	38	43	47	55	59	63	67	72	81	85	86	87	90	90	90	90	90	90	90	90	90	90	90	90	90	90	90	90	90	90	90	90	90	90	90	90	
4720	0	0	0	0	2	3	6	10	15	16	21	23	27	30	31	36	39	41	48	54	57	62	64	71	77	83	84	86	87	89	90	90	90	90	90	90	90	90	90	90	90	90	90	90	90	90	90	90	90	90	90	90	
4730	0	0	0	0	3	5	7	11	16	18	20	22	27	27	29	32	34	39	45	52	58	66	70	73	77	82	85	85	87	88	89	89	89	90	90	90	90	90	90	90	90	90	90	90	90	90	90	90	90	90	90	90	
4740	0	0	0	0	2	4	7	10	16	18	20	24	25	29	30	35	36	37	46	50	58	67	70	73	78	80	83	84	86	86	88	89	89	90	90	90	90	90	90	90	90	90	90	90	90	90	90	90	90	90	90	90	
4750	0	0	0	0	0	4	6	14	16	21	25	25	26	28	32	34	39	42	46	50	56	64	72	74	75	75	82	83	84	86	87	87	89	89	89	89	89	89	89	89	89	89	89	89	89	89	89	89	89	89	89	89	
4760	0	0	0	0	2	5	7	13	18	22	26	28	31	31	33	35	40	44	47	53	57	59	66	70	76	79	81	83	84	85	87	88	88	89	89	89	89	89	89	89	89	89	89	89	89	89	89	89	89	89	89	89	
4770	0	0	0	0	1	6	9	13	17	23	23	26	28	30	35	39	41	45	48	56	57	59	67	69	74	79	81	82	84	85	86	87	88	89	89	89	89	89	89	89	89	89	89	89	89	89	89	89	89	89	89	89	
4780	0	0	0	0	2	4	7	12	17	20	24	25	27	30	33	36	39	42	51	55	58	62	66	72	74	78	81	84	85	87	88	88	89	89	90	90	90	90	90	90	90	90	90	90	90	90	90	90	90	90	90	90	
4790	0	0	0	0	2	4	6	8	17	18	20	24	26	30	37	38	39	42	47	51	57	62	66	67	71	76	79	84	84	87	89	89	89	89	90	90	90	90	90	90	90	90	90	90	90	90	90	90	90	90	90	90	
4800	0	0	0	0	1	5	5	10	15	17	21	23	28	33	37	39	40	42	47	52	58	61	65	70	73	77	79	83	86	86	88	89	89	89	89	89	89	89	89	89	89	89	89	89	89	89	89	89	89	89	89	89	
4810	0	0	0	1	2	3	4	10	15	21	23	25	27	29	37	38	39	40	46	48	56	62	67	68	74	79	82	84	86	88	88	88	89	90	90	90	90	90	90	90	90	90	90	90	90	90	90	90	90	90	90	90	
4820	0	0	0	1	1	3	4	13	16	18	24	25	29	34	37	39	40	43	46	52	59	60	65	70	74	78	80	81	85	85	87	88	89	89	89	89	89	89	89	89	89	89	89	89	89	89	89	89	89	89	89	89	
4830	0	0	0	2	2	3	8	11	16	22	23	29	31	35	35	37	40	43	44	50	52	58	66	67	73	77	80	84	85	87	89	89	89	89	89	89	89	89	89	89	89	89	89	89	89	89	89	89	89	89	89	89	
4840	0	0	1	1	2	3	6	10	16	19	23	24	32	32	35	35	38	42	45	48	49	56	59	67	75	80	81	82	83	87	87	88	89	89	89	89	89	89	89	89	89	89	89	89	89	89	89	89	89	89	89	89	
4850	0	0	0	0	1	3	5	10	13	19	22	25	28	29	32	36	37	43	47	51	54	57	62	66	71	76	78	82	84	86	87	87	88	88	88	88	88	88	88	88	88	88	88	88	88	88	88	88	88	88	88	88	
4860	0	0	0	0	1	4	5	10	15	19	23	26	28	30	33	35	41	43	46	51	56	57	64	69	72	76	80	83	84	85	87	87	88	88	88	88	88	88	88	88	88	88	88	88	88	88	88	88	88	88	88	88	
4870	0	0	0	1	2	4	7	11	13	18	19	24	28	30	32	34	39	43	47	51	52	57	60	67	71	78	79	83	86	88	88	88	89	89	89	89	89	89	89	89	89	89	89	89	89	89	89	89	89	89	89	89	
4880	0	0	0	0	1	3	6	12	15	18	21	24	29	30	33	35	40	41	45	52	53	59	65	69	72	75	83	86	86	87	88	88	88	88	88	88	88	88	88	88	88	88	88	88	88	88	88	88	88	88	88	88	
4890	0	0	1	1	2	6	6	9	15	17	21	23	27	30	34	37	39	42	47	51	55	58	64	69	71	75	78	83	86	86	86	86	88	88	88	88	88	88	88	88	88	88	88	88	88	88	88	88	88	88	88	88	
4900	0	0	0	0	2	4	8	10	16	19	20	22	25	30	36	36	39	42	48	52	60	63	64	68	72	78	81	85	88	88	88	90	90	90	90	90	90	90	90	90	90	90	90	90	90	90	90	90	90	90	90	90	
4910	0	0	0	0	0	4	5	9	14	15	18	24	26	29	37	38	44	46	48	52	56	61	63	65	71	79	82	82	87	88	89	90	90	90	90	90	90	90	90	90	90	90	90	90	90	90	90	90	90	90	90	90	
4920	0	0	0	1	4	5	7	9	13	14	18	23	27	29	34	36	40	43	46	50	51	58	65	68	74	76	79	82	87	89	91	91	91	91	91	91	91	91	91	91	91	91	91	91	91	91	91	91	91	91	91	91	
4930	0	0	1	2	2	2	5	9	11	18	21	28	30	33	35	36	39	42	45	48	54	57	62	68	74	78	81	84	88	90	90	90	90	90	90	90	90	90	90	90	90	90	90	90	90	90	90	90	90	90	90	90	
4940	0	0	0	0	0	1	4	12	16	19	20	23	28	31	33	35	40	43	46	47	56	59	66	70	74	77	80	83	85	87	89	89	90	90	90	90	90	90	90	90	90	90	90	90	90	90	90	90	90	90	90	90	
4950	0	0	0	0	1	2	4	12	13	17	20	23	25	27	31	36	39	41	44	46	50	58	65	70	74	78	82	83	86	87	88	88	90	90	90	90	90	90	90	90	90	90	90	90	90	90	90	90	90	90	90	90	
4960	0	0	0	0	0	2	6	10	16	17	20	25	27	34	36	38	39	40	46	49	52	59	64	72	74	79	81	85	85	89	89	91	91	91	91	91	91	91	91	91	91	91	91	91	91	91	91	91	91	91	91	91	
4970	0	0	0	0	0	1	4	11	14	18	23	25	28	32	34	38	42	42	44	51	57	62	65	71	75	79	83	84	87	87	90	91	91	91	91	91	91	91	91	91	91	91	91	91	91	91	91	91	91	91	91	91	
4980	0	0	0	1	2	2	4	8	13	15	19	23	27	32	37	39	39	41	45	48	52	59	62	70	73	81	85	86	87	89	89	90	91	91	91	91	91	91	91	91	91	91	91	91	91	91	91	91	91	91	91	91	
4990	0	0	0	0	2	2	6	10	13	15	17	20	27	31	37	39	40	42	45	47	50	55	57	68	74	80	84	87	87	89	89	89	89	89	90	90	90	90	90	90	90	90	90	90	90	90	90	90	90	90	90	90	
5000	0	0	0	1	2	3	5	11	13	17	17	21	28	32	35	37	40	42	46	51	55	59	60	66	73	79	83	85	86	87	88	89	89	89	89	90	90	90	90	90	90	90	90	90	90	90	90	90	90	90	90	90	
5010	0	0	0	0	2	3	5	10	16	16	19	21	27	31	35	35	38	41	44	49	54	58	63	68	72	83	83	84	84	85	86	87	87	89	89	89	89	89	89	89	89	89	89	89	89	89	89	89	89	89	89	89	
5020	0	0	0	0	0	2	4	12	15	18	21	23	25	30	33	35	38	39	45	52	57	59	61	66	70	73	78	83	83	86	86	86	86	87	88	88	88	88	88	88	88	88	88	88	88	88	88	88	88	88	88	88	
5030	0	0	0	0	0	4	7	9	16	19	22	28	32	32	35	38	39	44	46	51	56	58	63	68	73	76	80	82	84	86	88	88	89	89	90	90	90	90	90	90	90	90	90	90	90	90	90	90	90	90	90	90	
5040	0	0	0	0	0	2	4	9	13	17	23	25	31	33	37	37	39	42	47	50	54	59	63	71	76	79	82	82	84	85	88	89	90	91	91	91	91	91	91	91	91	91	91	91	91	91	91	91	91	91	91	91	
5050	0	0	0	0	2	3	4	7	10	17	20	23	29	31	36	39	41	42	47	52	56	64	66	70	73	79	81	84	84	85	89	89	89	91	91	91	91	91	91	91	91	91	91	91	91	91	91	91	91	91	91	91	
5060	0	0	0	0	0	3	5	9	16	17	22	24	30	33	36	38	40	43	48	53	56	63	68	74	79	81	82	84	85	86	88	90	90	91	91	91	91	91	91	91	91	91	91	91	91	91	91	91	91	91	91	91	
5070	0	0	0	0	0	2	4	10	17	18	24	27	30	30	33	38	40	45	50	54	61	63	65	71	79	82	82	83	83	87	88	88	90	90	90	90	90	90	90	90	90	90	90	90	90	90	90	90	90	90	90	90	
5080	0	0	0	0	1	3	7	10	15	16	20	22	24	29	34	36	39	43	47	52	60	65	66	72	76	78	79	83	85	86	90	91	91	91	91	91	91	91	91	91	91	91	91	91	91	91	91	91	91	91	91	91	
5090	0	0	0	0	2	4	8	12	16	21	24	26	28	32	34	37	41	43	47	53	56	63	69	72	75	80	82	83	84	86	88	90	91	91	91	91	91	91	91	91	91	91	91	91	91	91	91	91	91	91	91	91	
5100	0	0	0	0	2	3	5	11	16	21	23	23	26	29	34	37	43	44	49	54	57	63	67	70	73	78	83	84	85	85	88	89	90	91	91	91	91	91	91	91	91	91	91	91	91	91	91	91	91	91	91	91	
5110	0	0	0	1	1	4	7	9	15	20	22	25	28	30	35	40	45	47	48	51	55	62	65	69	72	76	78	81	82	82	83	84	88	88	89	89	89	89	89	89	89	89	89	89	89	89	89	89	89	89	89	89	
5120	0	0	0	1	2	3	6	10	15	18	20	21	27	30	37	38	43	45	46	53	58	61	67	69	71	74	83	84	84	88	88	89	91	91	91	91	91	91	91	91	91	91	91	91	91	91	91	91	91	91	91	91	
5130	0	0	0	1	1	7	8	10	12	17	18	20	26	29	35	40	44	45	46	51	57	63	67	72	76	77	82	84	86	87	89	89	89	91	91	91	91	91	91	91	91	91	91	91	91	91	91	91	91	91	91	91	
5140	0	0	0	1	1	3	6	11	12	14	18	21	21	26	35	40	42	47	50	51	58	63	71	76	78	80	81	83	88	90	90	90	90	91	91	91	92	92	92	92	92	92	92	92	92	92	92	92	92	92	92	92	
5150	0	0	0	0	2	5	8	11	13	15	18	21	24	29	32	35	43	47	48	51	56	62	65	71	74	80	80	84	86	88	89	89	89	90	90	91	91	91	91	91	91	91	91	91	91	91	91	91	91	91	91	91	
5160	0	0	0	0	1	5	9	9	13	15	16	22	24	27	30	36	41	47	49	55	60	65	68	75	80	80	82	86	86	87	88	88	91	91	91	91	91	91	91	91	91	91	91	91	91	91	91	91	91	91	91	91	
5170	0	0	0	0	0	2	6	11	15	17	20	22	22	28	32	35	45	47	52	54	57	61	68	73	77	81	82	85	86	88	88	89	90	91	91	91	91	91	91	91	91	91	91	91	91	91	91	91	91	91	91	91	
5180	0	0	0	0	1	4	7	12	15	16	18	19	23	27	32	39	42	45	50	54	59	66	72	74	78	80	83	88	89	89	89	90	91	91	91	91	91	91	91	91	91	91	91	91	91	91	91	91	91	91	91	91	
5190	0	0	0	0	2	3	6	11	16	16	17	20	24	32	35	38	41	44	50	55	59	64	71	75	79	82	85	86	88	89	92	92	92	92	92	92	92	92	92	92	92	92	92	92	92	92	92	92	92	92	92	92	
5200	0	0	0	0	1	5	8	11	12	15	19	20	28	32	38	39	45	49	50	53	55	60	67	73	77	83	85	87	89	90	91	92	92	92	92	92	92	92	92	92	92	92	92	92	92	92	92	92	92	92	92	92	
5210	0	0	0	0	1	3	9	13	17	18	20	22	23	25	31	38	41	42	45	52	62	63	66	68	73	79	83	85	88	91	91	91	91	91	91	91	91	91	91	91	91	91	91	91	91	91	91	91	91	91	91	91	
5220	0	0	0	0	3	6	8	12	16	16	20	22	24	28	33	39	42	44	49	51	58	62	65	70	76	81	83	85	88	90	91	91	91	91	91	91	91	91	91	91	91	91	91	91	91	91	91	91	91	91	91	91	
5230	0	0	0	1	3	5	10	13	16	16	18	19	24	26	31	38	41	44	51	55	59	62	69	73	76	80	85	87	87	88	91	92	92	92	92	92	92	92	92	92	92	92	92	92	92	92	92	92	92	92	92	92	
5240	0	0	0	1	2	5	8	10	14	15	19	20	23	26	33	38	41	44	48	52	56	62	68	72	77	79	82	85	88	90	91	91	91	91	91	91	91	91	91	91	91	91	91	91	91	91	91	91	91	91	91	91	
5250	0	0	0	1	1	5	9	11	15	16	18	20	21	25	30	36	43	45	46	50	57	63	66	72	76	80	83	85	90	90	90	91	92	92	92	92	92	92	92	92	92	92	92	92	92	92	92	92	92	92	92	92	
5260	0	0	0	1	2	6	9	11	14	17	18	20	24	26	33	35	41	43	48	52	60	63	68	72	74	80	84	85	91	92	92	92	92	92	92	92	92	92	92	92	92	92	92	92	92	92	92	92	92	92	92	92	
5270	0	0	0	0	2	3	9	11	15	17	18	18	22	26	32	35	39	41	45	54	58	62	68	68	73	82	84	85	88	88	90	91	91	91	91	91	91	91	91	91	91	91	91	91	91	91	91	91	91	91	91	91	
5280	0	0	0	0	2	5	8	11	15	17	17	20	22	26	30	39	41	43	45	50	60	66	70	73	76	82	87	91	92	92	92	92	92	92	92	92	92	92	92	92	92	92	92	92	92	92	92	92	92	92	92	92	
5290	0	0	0	1	2	5	10	14	15	17	17	20	23	26	29	38	41	45	50	55	62	67	73	75	78	79	82	87	89	91	91	91	91	91	91	91	91	91	91	91	91	91	91	91	91	91	91	91	91	91	91	91	
5300	0	0	0	1	1	5	8	11	14	16	17	19	21	28	34	36	41	45	47	49	59	64	68	73	78	80	83	87	90	90	90	90	90	90	90	90	90	90	90	90	90	90	90	90	90	90	90	90	90	90	90	90	
5310	0	0	0	0	2	5	7	11	14	18	20	21	23	30	35	38	44	48	51	54	59	64	67	70	75	80	82	85	88	88	91	91	91	91	91	91	91	91	91	91	91	91	91	91	91	91	91	91	91	91	91	91	
5320	0	0	0	0	2	4	7	11	16	17	19	21	24	28	36	39	42	43	48	54	58	62	68	72	74	79	84	87	88	90	90	90	91	91	91	91	91	91	91	91	91	91	91	91	91	91	91	91	91	91	91	91	
5330	0	0	0	0	1	4	7	12	15	18	19	22	26	29	32	38	43	45	52	58	61	64	68	73	79	81	84	87	89	90	92	92	92	92	92	92	92	92	92	92	92	92	92	92	92	92	92	92	92	92	92	92	
5340	0	0	0	0	1	4	8	14	17	20	21	21	22	25	33	35	39	47	50	55	56	65	68	73	80	82	84	88	89	90	92	92	92	92	92	92	92	92	92	92	92	92	92	92	92	92	92	92	92	92	92	92	
5350	0	0	0	0	1	2	7	11	15	19	20	21	23	25	31	35	38	44	49	53	57	62	66	68	76	82	87	91	91	92	92	92	92	92	92	92	92	92	92	92	92	92	92	92	92	92	92	92	92	92	92	92	
5360	0	0	0	0	0	4	8	13	16	20	20	21	22	28	29	37	41	47	51	55	62	65	69	69	78	81	86	89	91	91	91	91	91	91	91	91	91	91	91	91	91	91	91	91	91	91	91	91	91	91	91	91	
5370	0	0	0	0	1	4	6	8	18	21	22	23	23	24	32	36	42	47	52	56	62	64	69	72	76	82	84	87	89	90	91	92	92	92	92	92	92	92	92	92	92	92	92	92	92	92	92	92	92	92	92	92	
5380	0	0	0	0	0	4	8	12	17	20	21	23	25	26	33	39	42	48	52	55	62	67	68	73	74	78	81	83	86	90	91	91	91	91	91	91	91	91	91	91	91	91	91	91	91	91	91	91	91	91	91	91	
5390	0	0	0	0	1	4	5	8	16	18	21	24	28	31	32	36	42	44	47	53	58	63	69	73	76	78	79	83	85	89	89	90	90	90	90	90	90	90	90	90	90	90	90	90	90	90	90	90	90	90	90	90	
5400	0	0	0	0	2	4	7	9	14	18	23	23	24	27	33	37	40	42	45	52	58	65	68	73	77	80	83	88	90	91	91	91	91	91	91	91	91	91	91	91	91	91	91	91	91	91	91	91	91	91	91	91	
5410	0	0	0	0	1	4	8	10	12	18	21	23	25	27	32	36	38	47	52	54	59	67	71	75	76	78	81	83	89	91	91	91	91	91	91	91	91	91	91	91	91	91	91	91	91	91	91	91	91	91	91	91	
5420	0	0	0	0	0	3	6	12	15	21	22	25	28	32	36	40	44	46	49	53	59	67	69	75	77	78	83	86	87	91	91	91	91	91	91	91	91	91	91	91	91	91	91	91	91	91	91	91	91	91	91	91	
5430	0	0	0	0	2	4	5	9	14	21	23	25	26	30	37	37	40	45	49	55	60	64	69	74	78	80	86	86	89	90	91	91	91	91	91	91	91	91	91	91	91	91	91	91	91	91	91	91	91	91	91	91	
5440	0	0	0	1	1	2	5	8	16	19	21	23	27	32	33	39	44	49	51	57	60	65	71	75	78	79	84	89	91	91	91	91	91	91	91	91	91	91	91	91	91	91	91	91	91	91	91	91	91	91	91	91	
5450	0	0	0	0	2	4	6	10	15	20	21	23	27	30	33	36	40	45	51	56	62	67	69	74	78	82	83	86	90	90	91	91	91	91	91	91	91	91	91	91	91	91	91	91	91	91	91	91	91	91	91	91	
5460	0	0	0	1	3	3	7	9	12	18	21	24	26	28	38	38	40	46	51	54	61	68	70	77	78	81	84	85	88	90	91	91	91	91	91	91	91	91	91	91	91	91	91	91	91	91	91	91	91	91	91	91	
5470	0	0	0	0	0	1	4	10	14	16	19	22	26	30	36	36	41	45	50	57	63	65	68	72	74	76	79	84	87	90	90	90	90	90	90	90	90	90	90	90	90	90	90	90	90	90	90	90	90	90	90	90	
5480	0	0	0	0	1	2	4	7	15	17	19	23	26	30	32	39	43	48	50	57	61	67	72	73	76	80	82	85	90	90	90	90	90	90	90	90	90	90	90	90	90	90	90	90	90	90	90	90	90	90	90	90	
5490	0	0	0	0	0	3	5	8	11	15	19	20	24	29	34	39	41	45	47	54	57	64	69	73	75	78	79	82	86	88	90	90	90	90	90	90	90	90	90	90	90	90	90	90	90	90	90	90	90	90	90	90	
5500	0	0	0	0	0	2	4	8	15	15	17	19	26	29	33	36	42	44	46	53	56	61	63	69	73	76	79	81	85	86	87	87	87	87	87	87	87	87	87	87	87	87	87	87	87	87	87	87	87	87	87	87	
5510	0	0	0	0	0	2	3	5	11	13	17	23	27	29	33	39	42	45	49	54	57	60	68	72	76	79	82	87	88	88	89	89	89	89	89	89	89	89	89	89	89	89	89	89	89	89	89	89	89	89	89	89	
5520	0	0	0	0	1	3	4	7	12	17	20	24	26	28	31	37	40	43	50	51	51	58	67	74	75	77	81	84	87	88	89	89	89	89	89	89	89	89	89	89	89	89	89	89	89	89	89	89	89	89	89	89	
5530	0	0	0	0	0	3	5	8	14	17	19	22	26	28	31	33	37	46	49	53	55	61	66	70	76	77	83	85	88	89	90	90	90	90	90	90	90	90	90	90	90	90	90	90	90	90	90	90	90	90	90	90	
5540	0	0	0	0	2	3	5	9	14	17	18	19	24	30	31	34	39	44	50	51	58	65	68	75	77	80	83	85	88	88	88	89	89	89	89	89	89	89	89	89	89	89	89	89	89	89	89	89	89	89	89	89	
5550	0	0	0	0	2	3	6	9	11	15	18	20	22	25	31	34	38	43	49	54	60	64	67	72	76	77	79	82	86	87	88	89	89	89	89	89	89	89	89	89	89	89	89	89	89	89	89	89	89	89	89	89	
5560	0	0	0	0	0	1	4	6	11	16	20	23	25	29	32	38	41	43	45	51	60	61	66	68	73	77	83	86	87	88	89	89	89	89	89	89	89	89	89	89	89	89	89	89	89	89	89	89	89	89	89	89	
5570	0	0	0	0	1	2	6	8	10	17	20	23	24	26	29	36	37	41	49	51	55	59	67	71	77	82	82	86	88	89	90	90	90	90	90	90	90	90	90	90	90	90	90	90	90	90	90	90	90	90	90	90	
5580	0	0	0	1	2	3	5	7	11	18	21	25	26	26	33	35	39	45	48	50	52	60	65	74	75	77	80	83	87	89	89	89	89	89	89	89	89	89	89	89	89	89	89	89	89	89	89	89	89	89	89	89	
5590	0	0	0	0	2	2	5	10	14	16	21	24	25	29	32	39	43	49	51	54	57	61	67	73	78	78	81	85	86	88	89	89	89	90	90	90	90	90	90	90	90	90	90	90	90	90	90	90	90	90	90	90	
5600	0	0	1	1	3	4	5	11	18	20	23	25	25	30	37	41	45	48	52	53	57	60	64	67	73	78	81	84	87	89	90	90	90	90	90	90	90	90	90	90	90	90	90	90	90	90	90	90	90	90	90	90	
5610	0	0	0	0	1	1	4	9	15	20	24	25	27	30	33	39	45	48	50	51	55	61	67	71	74	76	79	80	82	88	89	89	89	89	89	89	89	89	89	89	89	89	89	89	89	89	89	89	89	89	89	89	
5620	0	0	0	0	1	1	4	10	15	18	21	21	25	29	36	37	39	46	49	53	60	63	64	71	76	77	81	86	87	89	89	89	90	90	90	90	90	90	90	90	90	90	90	90	90	90	90	90	90	90	90	90	
5630	0	0	0	0	0	2	4	8	14	17	21	23	23	29	30	38	46	48	52	53	59	65	68	70	72	74	78	82	86	88	89	89	90	90	90	90	90	90	90	90	90	90	90	90	90	90	90	90	90	90	90	90	
5640	0	0	0	0	2	3	9	11	15	17	18	22	24	26	32	37	45	48	51	53	57	61	63	70	76	76	77	81	85	86	87	88	88	89	89	89	89	89	89	89	89	89	89	89	89	89	89	89	89	89	89	89	
5650	0	0	0	0	1	2	5	10	15	18	20	22	22	24	28	37	40	46	48	52	56	63	67	69	71	78	79	82	88	88	89	89	90	90	90	90	90	90	90	90	90	90	90	90	90	90	90	90	90	90	90	90	
5660	0	0	0	0	2	3	6	8	12	15	18	22	24	27	31	33	37	43	45	48	52	61	68	74	75	77	79	83	87	88	89	89	90	90	90	90	90	90	90	90	90	90	90	90	90	90	90	90	90	90	90	90	
5670	0	0	0	2	2	2	6	7	11	15	18	20	25	29	32	37	42	42	47	50	58	61	68	75	76	76	78	81	87	88	88	90	90	90	90	90	90	90	90	90	90	90	90	90	90	90	90	90	90	90	90	90	
5680	0	0	0	0	1	5	6	9	12	13	16	19	23	28	33	36	40	41	47	55	58	62	68	70	73	75	77	83	84	86	87	89	89	89	89	89	89	89	89	89	89	89	89	89	89	89	89	89	89	89	89	89	
5690	0	0	0	0	2	3	9	10	11	14	16	18	21	27	33	38	42	46	52	55	58	63	67	72	77	78	78	83	88	89	90	90	90	90	90	90	90	90	90	90	90	90	90	90	90	90	90	90	90	90	90	90	
5700	0	0	0	0	1	3	5	8	11	16	19	21	23	27	33	36	43	45	54	55	59	63	67	71	75	77	79	81	86	87	89	90	90	90	90	90	90	90	90	90	90	90	90	90	90	90	90	90	90	90	90	90	
5710	0	0	0	0	0	2	5	9	14	16	18	25	29	32	36	37	39	48	51	56	60	64	67	72	74	76	78	82	86	87	87	90	90	90	90	90	90	90	90	90	90	90	90	90	90	90	90	90	90	90	90	90	
5720	0	0	0	1	2	2	4	6	12	16	19	22	29	30	33	39	44	46	50	56	62	65	66	70	71	73	78	80	82	85	86	89	89	89	89	89	89	89	89	89	89	89	89	89	89	89	89	89	89	89	89	89	
5730	0	0	0	1	3	3	6	11	13	16	18	21	29	32	35	40	40	43	47	51	58	64	66	67	70	76	79	81	87	89	90	90	90	90	90	90	90	90	90	90	90	90	90	90	90	90	90	90	90	90	90	90	
5740	0	0	1	1	2	5	7	10	13	17	18	20	26	28	32	36	41	44	51	54	60	64	66	70	71	73	76	82	85	89	89	89	89	89	89	89	89	89	89	89	89	89	89	89	89	89	89	89	89	89	89	89	
5750	0	0	0	1	3	4	5	9	13	16	17	20	25	27	33	38	41	47	53	55	59	63	68	69	71	75	79	81	84	87	89	89	89	89	89	89	89	89	89	89	89	89	89	89	89	89	89	89	89	89	89	89	
5760	0	0	0	1	1	1	6	9	13	16	21	22	25	32	37	38	42	44	50	53	58	61	65	69	70	75	78	80	82	85	88	88	89	89	89	89	89	89	89	89	89	89	89	89	89	89	89	89	89	89	89	89	
5770	0	0	0	1	1	4	8	12	13	18	20	21	24	29	34	36	40	46	50	55	59	63	64	68	72	75	76	79	83	86	88	90	90	90	90	90	90	90	90	90	90	90	90	90	90	90	90	90	90	90	90	90	
5780	0	0	0	0	1	2	5	9	12	18	19	22	22	31	34	38	42	49	53	55	59	61	65	71	74	75	81	83	84	86	89	89	89	89	89	89	89	89	89	89	89	89	89	89	89	89	89	89	89	89	89	89	
5790	0	0	0	1	1	5	6	11	12	19	20	22	25	29	34	37	41	45	49	53	55	58	64	68	70	74	79	83	84	87	88	89	89	89	89	89	89	89	89	89	89	89	89	89	89	89	89	89	89	89	89	89	
5800	0	0	0	0	1	4	6	12	14	18	20	24	27	29	31	38	41	43	50	51	59	63	65	68	68	72	80	81	82	87	88	89	89	89	89	89	89	89	89	89	89	89	89	89	89	89	89	89	89	89	89	89	
5810	0	0	0	0	0	2	6	11	14	20	22	23	25	30	35	38	41	46	48	54	56	63	65	69	71	74	77	80	84	88	89	89	89	89	89	89	89	89	89	89	89	89	89	89	89	89	89	89	89	89	89	89	
5820	0	0	0	0	0	2	5	10	15	20	22	26	27	33	36	39	44	47	51	52	56	61	63	68	69	75	77	81	86	88	89	89	89	89	89	89	89	89	89	89	89	89	89	89	89	89	89	89	89	89	89	89	
5830	0	0	0	0	1	3	4	8	14	19	21	23	25	30	34	39	44	46	51	54	57	60	64	67	72	76	79	83	85	87	89	89	89	89	89	89	89	89	89	89	89	89	89	89	89	89	89	89	89	89	89	89	
5840	0	0	0	0	1	3	3	10	15	19	20	25	30	34	39	43	44	49	51	56	57	60	65	70	74	75	79	81	85	86	89	90	90	90	90	90	90	90	90	90	90	90	90	90	90	90	90	90	90	90	90	90	
5850	0	0	0	0	0	2	4	6	12	17	19	23	27	34	36	42	44	47	53	54	58	59	65	67	72	75	78	80	84	89	90	90	90	90	90	90	90	90	90	90	90	90	90	90	90	90	90	90	90	90	90	90	
5860	0	0	0	0	0	1	5	8	13	19	21	23	29	33	37	41	45	47	48	54	58	60	63	68	71	73	76	81	86	87	89	90	90	90	90	90	90	90	90	90	90	90	90	90	90	90	90	90	90	90	90	90	
5870	0	0	0	1	1	1	4	10	16	18	19	23	28	31	35	41	44	47	49	54	56	60	65	68	71	74	74	77	82	83	87	89	89	89	89	89	89	89	89	89	89	89	89	89	89	89	89	89	89	89	89	89	
5880	0	0	0	0	1	2	6	11	16	18	20	22	27	31	34	39	43	48	51	53	57	62	69	69	73	79	81	81	82	84	85	87	88	88	88	88	88	88	88	88	88	88	88	88	88	88	88	88	88	88	88	88	
5890	0	0	0	1	2	5	7	12	17	19	19	23	27	30	35	38	45	47	50	56	59	62	67	70	72	74	76	81	85	87	88	90	91	91	91	91	91	91	91	91	91	91	91	91	91	91	91	91	91	91	91	91	
5900	0	0	0	0	0	0	4	11	13	17	22	24	27	34	36	41	43	44	47	54	60	62	67	69	71	75	77	79	82	86	89	90	91	91	91	91	91	91	91	91	91	91	91	91	91	91	91	91	91	91	91	91	
5910	0	0	0	0	0	0	9	12	15	18	20	24	29	32	36	40	43	48	51	54	57	60	66	71	73	76	77	80	85	86	88	90	90	91	91	91	91	91	91	91	91	91	91	91	91	91	91	91	91	91	91	91	
5920	0	0	0	0	1	3	5	10	13	17	21	26	28	33	34	39	41	47	51	53	59	63	67	71	74	76	80	81	85	86	88	90	90	91	91	91	91	91	91	91	91	91	91	91	91	91	91	91	91	91	91	91	
5930	0	0	0	0	1	5	8	12	16	18	22	24	25	29	35	39	43	48	51	54	57	61	66	68	72	74	78	85	88	89	90	90	90	90	90	90	90	90	90	90	90	90	90	90	90	90	90	90	90	90	90	90	
5940	0	0	0	0	1	4	5	11	15	21	22	22	26	33	37	39	42	48	56	57	60	62	66	66	71	75	78	85	85	85	88	89	89	89	89	89	89	89	89	89	89	89	89	89	89	89	89	89	89	89	89	89	
5950	0	0	0	1	2	3	7	11	15	18	20	26	27	33	36	40	43	47	52	58	59	60	63	66	71	74	80	83	86	86	88	89	89	89	89	89	89	89	89	89	89	89	89	89	89	89	89	89	89	89	89	89	
5960	0	0	0	0	1	3	4	12	18	19	22	22	25	29	33	38	42	47	51	55	61	65	65	66	70	74	79	81	86	89	90	90	90	90	90	90	90	90	90	90	90	90	90	90	90	90	90	90	90	90	90	90	
5970	0	0	0	0	0	3	7	12	17	21	22	23	24	25	28	37	43	46	46	53	57	61	63	64	67	76	79	80	87	87	89	90	90	90	90	90	90	90	90	90	90	90	90	90	90	90	90	90	90	90	90	90	
5980	0	0	0	0	2	4	7	13	17	19	22	22	24	33	35	36	39	49	54	56	59	61	62	67	72	74	76	83	85	87	88	89	89	89	89	89	89	89	89	89	89	89	89	89	89	89	89	89	89	89	89	89	
5990	0	0	0	0	1	3	7	11	15	17	20	23	23	27	30	38	42	48	56	58	59	62	66	70	76	79	80	82	87	87	87	89	89	89	89	89	89	89	89	89	89	89	89	89	89	89	89	89	89	89	89	89	
6000	0	0	0	0	0	3	6	10	16	18	19	21	23	27	32	38	42	45	54	59	61	63	64	67	72	77	84	85	86	86	87	88	89	89	89	89	89	89	89	89	89	89	89	89	89	89	89	89	89	89	89	89	
6010	0	0	0	0	0	2	4	8	13	17	21	23	24	28	31	39	41	47	49	57	61	63	64	69	74	80	85	86	86	87	88	88	89	89	89	89	89	89	89	89	89	89	89	89	89	89	89	89	89	89	89	89	
6020	0	0	0	0	1	2	6	11	14	18	19	22	25	28	36	39	45	49	53	57	60	62	63	69	73	79	82	84	86	86	88	89	90	90	90	90	90	90	90	90	90	90	90	90	90	90	90	90	90	90	90	90	
6030	0	0	0	0	0	1	6	15	16	18	20	24	27	34	36	37	41	45	51	54	56	61	66	70	77	81	83	84	85	87	87	89	89	89	89	89	90	90	90	90	90	90	90	90	90	90	90	90	90	90	90	90	
6040	0	0	0	0	1	5	8	14	15	19	20	25	26	31	35	38	41	44	47	52	56	61	64	70	74	78	79	84	87	87	87	87	88	88	88	89	89	89	89	89	89	89	89	89	89	89	89	89	89	89	89	89	
6050	0	0	0	0	0	4	8	11	17	20	21	24	25	31	35	37	39	42	48	52	55	61	61	67	72	77	80	84	86	88	88	88	88	88	89	89	89	89	89	89	89	89	89	89	89	89	89	89	89	89	89	89	
6060	0	0	0	0	3	6	9	15	17	20	21	27	29	30	34	37	41	44	49	51	54	62	67	70	71	77	82	87	88	88	88	88	88	88	88	88	88	88	88	88	88	88	88	88	88	88	88	88	88	88	88	88	
6070	0	0	0	0	2	3	7	13	15	19	20	24	25	31	34	39	42	45	52	55	59	64	68	71	77	81	83	85	86	88	89	89	89	89	89	89	89	89	89	89	89	89	89	89	89	89	89	89	89	89	89	89	
6080	0	0	0	0	1	6	8	13	17	21	24	24	27	30	36	40	43	47	50	55	58	64	68	70	73	78	81	85	87	88	88	88	88	89	89	89	89	89	89	89	89	89	89	89	89	89	89	89	89	89	89	89	
6090	0	0	0	0	2	5	8	11	14	18	21	24	27	32	36	40	47	48	50	54	58	60	65	67	72	78	81	83	85	88	88	88	88	88	88	88	88	89	89	89	89	89	89	89	89	89	89	89	89	89	89	89	
6100	0	0	0	0	1	3	7	11	18	20	22	23	30	33	36	38	41	45	51	54	58	61	63	66	71	76	77	82	84	86	88	88	88	89	89	89	89	89	89	89	89	89	89	89	89	89	89	89	89	89	89	89	
6110	0	0	0	0	1	2	10	10	16	19	22	23	28	33	37	40	43	47	49	49	55	58	62	67	68	72	75	78	82	85	88	88	89	89	89	89	89	89	89	89	89	89	89	89	89	89	89	89	89	89	89	89	
6120	0	0	0	0	2	4	6	12	15	19	22	25	28	33	37	39	45	46	48	52	54	57	64	67	71	78	80	82	84	86	88	89	89	89	89	89	89	89	89	89	89	89	89	89	89	89	89	89	89	89	89	89	
6130	0	0	1	1	2	3	6	9	15	17	20	23	26	30	35	40	42	46	50	54	58	61	63	69	72	75	79	83	85	85	87	87	89	90	90	90	90	90	90	90	90	90	90	90	90	90	90	90	90	90	90	90	
6140	0	0	0	0	0	1	5	9	18	22	22	23	26	30	34	37	41	45	50	53	57	61	67	69	74	75	78	81	83	86	87	88	89	90	90	90	90	90	90	90	90	90	90	90	90	90	90	90	90	90	90	90	
6150	0	0	0	0	1	3	8	15	18	20	22	23	26	31	35	40	41	49	52	54	59	62	63	65	70	74	75	80	82	89	90	91	91	91	91	91	91	91	91	91	91	91	91	91	91	91	91	91	91	91	91	91	
6160	0	0	0	0	0	2	6	11	16	21	23	26	29	31	34	40	41	46	52	55	58	61	65	69	71	74	77	82	84	86	89	90	90	90	90	90	90	90	90	90	90	90	90	90	90	90	90	90	90	90	90	90	
6170	0	0	0	0	1	2	4	7	13	18	20	24	27	30	34	38	40	43	49	52	56	60	64	66	69	76	80	83	87	88	90	90	90	90	90	90	90	90	90	90	90	90	90	90	90	90	90	90	90	90	90	90	
6180	0	0	0	0	1	1	3	9	16	20	21	26	27	32	35	39	42	46	49	50	54	59	65	66	69	74	79	82	86	89	89	89	90	90	90	90	90	90	90	90	90	90	90	90	90	90	90	90	90	90	90	90	
6190	0	0	0	0	1	3	5	9	15	22	23	24	26	29	34	40	43	48	50	53	57	60	64	66	67	73	74	78	83	85	89	89	89	89	89	89	89	89	89	89	89	89	89	89	89	89	89	89	89	89	89	89	
6200	0	0	0	0	1	3	6	10	15	21	25	25	26	30	35	40	43	45	49	57	60	61	62	68	69	72	77	79	83	88	90	90	90	90	90	90	90	90	90	90	90	90	90	90	90	90	90	90	90	90	90	90	
6210	0	0	0	0	3	5	7	11	14	19	22	25	26	30	37	40	44	48	51	55	57	62	65	69	71	73	77	79	83	85	89	89	89	89	89	89	89	89	89	89	89	89	89	89	89	89	89	89	89	89	89	89	
6220	0	0	0	0	2	4	7	10	16	18	23	27	29	32	36	40	42	47	50	53	58	60	64	69	72	73	75	77	83	86	88	88	89	89	89	89	89	89	89	89	89	89	89	89	89	89	89	89	89	89	89	89	
6230	0	0	0	1	4	6	7	11	16	18	21	25	29	31	34	38	42	46	49	55	57	62	67	72	73	74	76	78	82	84	88	89	90	90	90	90	90	90	90	90	90	90	90	90	90	90	90	90	90	90	90	90	
6240	0	0	0	0	0	3	10	13	15	18	23	25	27	28	34	38	43	48	48	52	57	61	67	69	71	74	77	79	82	84	85	87	87	89	89	89	89	89	89	89	89	89	89	89	89	89	89	89	89	89	89	89	
6250	0	0	0	0	3	4	8	11	16	20	22	26	28	30	32	37	40	48	51	54	56	62	66	70	73	75	78	81	83	85	88	89	90	90	90	90	90	90	90	90	90	90	90	90	90	90	90	90	90	90	90	90	
6260	0	0	0	0	2	3	7	8	13	17	21	23	28	29	35	40	44	47	53	55	56	59	63	69	74	74	78	80	86	86	88	89	89	89	89	89	89	89	89	89	89	89	89	89	89	89	89	89	89	89	89	89	
6270	0	0	0	1	2	2	5	8	13	18	23	27	28	31	33	38	43	46	50	54	60	63	65	70	74	74	81	83	86	87	87	89	89	89	89	89	89	89	89	89	89	89	89	89	89	89	89	89	89	89	89	89	
6280	0	0	0	0	2	5	6	8	15	19	20	22	27	30	35	36	41	45	49	56	59	66	70	77	77	79	83	84	87	87	88	88	88	90	90	90	90	90	90	90	90	90	90	90	90	90	90	90	90	90	90	90	
6290	0	0	0	2	4	6	7	11	14	19	20	22	30	31	33	39	45	47	53	56	59	62	68	70	73	77	79	84	87	87	87	88	89	89	90	90	90	90	90	90	90	90	90	90	90	90	90	90	90	90	90	90	
6300	0	1	1	2	5	7	9	11	13	18	20	22	30	33	35	37	40	45	51	56	58	61	66	69	73	74	80	83	85	87	87	87	88	89	89	90	90	90	90	90	90	90	90	90	90	90	90	90	90	90	90	90	
6310	0	0	1	2	3	6	9	10	12	17	24	26	28	31	33	37	41	45	50	56	62	65	68	69	73	78	82	85	87	88	89	89	89	89	91	91	91	91	91	91	91	91	91	91	91	91	91	91	91	91	91	91	
6320	0	0	1	1	1	7	9	11	14	19	23	23	25	29	31	37	38	44	49	55	57	61	63	67	74	76	78	82	85	87	89	90	90	90	90	90	90	90	90	90	90	90	90	90	90	90	90	90	90	90	90	90	
6330	0	0	0	0	1	2	7	10	15	19	20	20	27	28	34	36	41	44	49	56	59	62	67	69	70	73	77	80	84	88	89	89	89	90	90	90	90	90	90	90	90	90	90	90	90	90	90	90	90	90	90	90	
6340	1	1	1	1	2	2	6	10	13	15	21	24	28	31	33	36	41	45	49	52	59	64	65	66	71	77	80	82	87	87	88	89	89	90	90	90	90	90	90	90	90	90	90	90	90	90	90	90	90	90	90	90	
6350	1	1	1	1	1	2	6	11	15	19	22	23	26	30	33	38	42	47	49	54	56	58	66	69	71	75	77	81	84	87	87	89	89	90	90	90	90	90	90	90	90	90	90	90	90	90	90	90	90	90	90	90	
6360	0	0	1	1	1	3	6	11	17	19	21	23	26	27	31	36	39	43	46	51	58	62	63	68	71	75	78	83	84	87	89	89	89	90	90	90	90	90	90	90	90	90	90	90	90	90	90	90	90	90	90	90	
6370	0	1	1	1	1	4	7	10	14	20	25	25	27	29	30	35	45	48	51	53	55	62	65	69	72	73	78	82	83	86	88	88	88	88	88	88	88	88	88	88	88	88	88	88	88	88	88	88	88	88	88	88	
6380	0	0	0	1	1	1	6	10	14	18	20	23	25	28	32	34	41	46	49	52	57	62	65	70	74	74	77	78	80	85	87	88	89	89	89	89	89	89	89	89	89	89	89	89	89	89	89	89	89	89	89	89	
6390	0	0	1	2	2	4	9	12	14	18	22	24	26	29	33	38	42	46	51	51	53	60	62	71	74	76	80	82	84	86	87	88	89	89	90	90	90	90	90	90	90	90	90	90	90	90	90	90	90	90	90	90	
6400	0	0	0	1	2	3	5	11	17	21	22	25	26	27	33	35	38	44	48	51	53	60	64	70	72	76	81	82	85	88	89	89	89	89	89	89	89	89	89	89	89	89	89	89	89	89	89	89	89	89	89	89	
6410	0	0	0	0	1	3	9	12	15	21	25	27	28	31	33	37	41	46	48	52	55	63	64	74	77	79	80	81	87	89	89	89	90	90	90	90	90	90	90	90	90	90	90	90	90	90	90	90	90	90	90	90	
6420	0	0	0	0	1	3	6	12	17	19	22	25	30	31	34	38	39	44	47	51	55	58	62	69	76	78	81	82	86	86	88	89	89	89	89	89	89	89	89	89	89	89	89	89	89	89	89	89	89	89	89	89	
6430	0	0	0	0	1	4	5	11	13	17	20	25	29	32	33	35	40	44	47	52	55	58	68	71	75	76	79	83	85	88	88	89	89	89	90	90	90	90	90	90	90	90	90	90	90	90	90	90	90	90	90	90	
6440	0	0	0	2	2	2	6	11	17	19	22	25	26	29	33	34	37	43	47	53	56	59	65	70	73	77	81	86	88	89	90	90	90	90	90	90	90	90	90	90	90	90	90	90	90	90	90	90	90	90	90	90	
6450	0	0	0	0	1	3	7	11	14	18	23	25	27	29	34	39	41	46	48	50	57	60	64	69	74	78	80	87	89	89	89	89	90	90	90	90	90	90	90	90	90	90	90	90	90	90	90	90	90	90	90	90	
6460	0	0	0	0	2	6	8	11	14	20	23	25	27	30	32	36	42	47	50	51	53	57	64	73	74	78	83	83	85	88	90	90	90	90	90	90	90	90	90	90	90	90	90	90	90	90	90	90	90	90	90	90	
6470	0	0	0	1	1	3	7	12	15	18	19	22	27	28	30	34	44	47	50	52	59	62	66	72	76	78	83	83	85	86	88	90	90	90	90	90	90	90	90	90	90	90	90	90	90	90	90	90	90	90	90	90	
6480	0	0	0	0	0	5	9	12	19	19	19	22	26	27	30	33	39	44	49	55	61	63	67	69	75	81	82	85	86	88	88	89	89	89	90	90	90	90	90	90	90	90	90	90	90	90	90	90	90	90	90	90	
6490	0	0	0	0	0	1	6	11	16	19	21	23	25	27	31	36	43	45	50	53	56	60	66	71	75	79	83	85	86	87	87	89	89	90	90	90	90	90	90	90	90	90	90	90	90	90	90	90	90	90	90	90	
6500	0	0	0	0	1	4	6	11	13	18	19	20	25	28	37	38	40	44	48	53	57	62	65	69	71	77	78	82	85	85	86	86	87	89	89	89	89	89	89	89	89	89	89	89	89	89	89	89	89	89	89	89	
6510	0	0	0	0	2	8	9	10	15	17	21	24	25	29	31	37	40	42	48	55	57	60	65	67	71	75	78	80	83	85	86	88	89	89	89	89	89	89	89	89	89	89	89	89	89	89	89	89	89	89	89	89	
6520	0	0	0	0	2	4	8	10	14	17	22	24	24	27	32	36	39	42	48	53	58	62	67	71	76	78	80	82	84	86	88	89	90	90	90	90	90	90	90	90	90	90	90	90	90	90	90	90	90	90	90	90	
6530	0	0	0	0	3	3	9	13	19	19	20	22	23	27	31	38	43	47	49	51	57	62	67	73	76	79	80	85	87	88	89	90	90	90	90	90	90	90	90	90	90	90	90	90	90	90	90	90	90	90	90	90	
6540	0	0	0	0	4	5	9	12	15	18	19	22	24	30	34	40	43	43	47	52	57	61	66	69	74	78	79	84	86	87	87	87	89	90	90	90	90	90	90	90	90	90	90	90	90	90	90	90	90	90	90	90	
6550	0	0	0	0	2	5	10	12	18	20	20	21	23	29	35	39	43	45	47	49	54	59	64	66	69	75	78	83	83	85	86	87	88	89	89	89	89	89	89	89	89	89	89	89	89	89	89	89	89	89	89	89	
6560	0	0	0	0	1	6	12	15	17	18	19	25	30	34	38	40	45	47	49	51	52	59	64	66	72	74	77	82	84	84	85	87	89	89	89	89	89	89	89	89	89	89	89	89	89	89	89	89	89	89	89	89	
6570	0	0	0	0	0	4	8	12	16	18	21	25	28	31	36	40	43	46	48	52	58	60	69	71	73	75	77	82	84	85	87	87	88	89	90	90	90	90	90	90	90	90	90	90	90	90	90	90	90	90	90	90	
6580	0	0	0	0	2	4	9	13	18	19	21	24	25	30	35	38	45	46	49	54	55	62	69	70	72	74	76	79	85	87	87	87	88	89	90	90	90	90	90	90	90	90	90	90	90	90	90	90	90	90	90	90	
6590	0	0	0	0	1	4	8	13	20	20	21	22	24	30	33	38	40	46	47	53	54	60	65	70	72	73	78	78	81	82	84	87	87	87	87	88	88	88	88	88	88	88	88	88	88	88	88	88	88	88	88	88	
6600	0	0	0	0	0	4	8	14	19	20	22	26	29	30	33	38	42	44	48	54	59	64	68	71	76	78	79	79	84	85	87	87	88	89	89	89	89	89	89	89	89	89	89	89	89	89	89	89	89	89	89	89	
6610	0	0	0	1	1	4	9	16	18	22	26	28	28	33	38	40	44	45	48	53	55	62	68	73	75	76	80	83	84	84	86	87	88	89	90	90	90	90	90	90	90	90	90	90	90	90	90	90	90	90	90	90	
6620	0	0	0	0	0	3	9	14	19	21	26	27	30	32	37	38	42	45	47	52	55	62	64	70	74	79	81	83	83	84	86	88	89	89	89	89	89	89	89	89	89	89	89	89	89	89	89	89	89	89	89	89	
6630	0	0	0	0	3	6	8	13	18	22	25	25	29	32	32	37	40	40	47	50	57	61	65	71	74	77	80	81	83	85	85	87	88	89	89	89	89	89	89	89	89	89	89	89	89	89	89	89	89	89	89	89	
6640	0	0	0	0	1	5	9	13	18	21	24	26	27	31	34	38	41	43	44	52	57	64	68	73	75	77	79	81	84	85	88	90	90	90	90	90	90	90	90	90	90	90	90	90	90	90	90	90	90	90	90	90	
6650	0	0	0	0	2	5	9	13	18	23	25	26	30	31	34	36	38	39	43	49	53	59	63	70	73	75	80	80	82	83	85	88	88	88	88	88	88	88	88	88	88	88	88	88	88	88	88	88	88	88	88	88	
6660	0	0	0	0	1	4	6	10	16	18	21	23	27	31	35	37	40	42	47	50	55	56	62	69	71	75	78	81	86	86	88	88	90	90	90	90	90	90	90	90	90	90	90	90	90	90	90	90	90	90	90	90	
6670	0	0	0	2	2	6	12	13	15	18	22	24	26	30	33	38	40	43	45	48	55	63	63	67	69	75	78	79	80	81	85	85	87	88	88	88	88	88	88	88	88	88	88	88	88	88	88	88	88	88	88	88	
6680	0	0	0	0	1	6	9	12	16	20	21	24	27	28	30	35	40	43	46	51	53	59	65	67	73	78	80	80	83	84	85	87	87	88	89	89	89	89	89	89	89	89	89	89	89	89	89	89	89	89	89	89	
6690	0	0	0	0	0	2	9	14	16	19	22	24	27	31	34	35	39	42	45	48	53	56	65	67	72	77	79	83	84	86	86	87	88	88	89	89	89	89	89	89	89	89	89	89	89	89	89	89	89	89	89	89	
6700	0	0	0	0	1	5	8	14	16	17	23	28	29	32	34	39	40	44	49	52	55	58	64	70	72	75	78	81	83	86	86	88	88	88	89	89	89	89	89	89	89	89	89	89	89	89	89	89	89	89	89	89	
6710	0	0	0	0	2	3	7	13	17	18	23	25	31	32	33	36	41	45	49	52	57	63	64	70	75	79	81	84	85	87	89	89	89	89	90	90	90	90	90	90	90	90	90	90	90	90	90	90	90	90	90	90	
6720	0	0	0	0	1	1	10	13	19	22	24	26	29	31	33	36	43	44	47	53	57	60	67	70	74	80	82	85	85	86	89	89	90	90	90	90	90	90	90	90	90	90	90	90	90	90	90	90	90	90	90	90	
6730	0	0	0	0	1	4	8	12	17	19	21	22	28	29	31	35	40	44	47	49	55	60	68	71	74	78	82	84	85	88	89	89	89	89	89	89	89	89	89	89	89	89	89	89	89	89	89	89	89	89	89	89	
6740	0	0	0	0	2	3	7	15	18	21	25	26	27	30	32	35	36	41	44	48	52	60	63	69	72	76	80	84	85	86	86	87	88	88	89	89	89	89	89	89	89	89	89	89	89	89	89	89	89	89	89	89	
6750	0	0	0	0	1	4	7	10	17	20	23	26	27	31	35	35	38	41	43	49	54	58	65	69	72	79	81	84	84	85	86	86	87	88	88	89	89	89	89	89	89	89	89	89	89	89	89	89	89	89	89	89	
6760	0	0	0	0	1	3	8	9	15	20	22	25	28	29	34	38	41	41	46	52	54	60	62	69	71	78	79	83	86	87	88	89	90	90	90	90	90	90	90	90	90	90	90	90	90	90	90	90	90	90	90	90	
6770	0	0	0	0	0	2	5	14	16	21	23	25	26	29	36	39	40	42	45	52	56	56	59	68	71	76	79	81	84	85	86	87	89	90	90	90	90	90	90	90	90	90	90	90	90	90	90	90	90	90	90	90	
6780	0	0	0	0	0	3	4	9	14	19	20	25	28	31	34	36	38	42	45	51	56	59	62	69	71	77	78	83	86	86	87	89	89	89	89	90	90	90	90	90	90	90	90	90	90	90	90	90	90	90	90	90	
6790	0	0	0	0	0	2	8	11	17	20	22	24	25	30	33	34	35	39	48	53	56	59	62	63	69	75	79	82	85	85	89	89	89	89	90	90	90	90	90	90	90	90	90	90	90	90	90	90	90	90	90	90	
6800	0	0	0	0	1	3	6	12	14	18	23	23	26	29	33	36	39	39	44	52	58	62	65	66	70	75	81	82	84	86	87	88	88	89	89	90	90	90	90	90	90	90	90	90	90	90	90	90	90	90	90	90	
6810	0	0	0	0	1	2	5	8	12	18	21	26	28	29	32	34	37	43	50	57	59	66	69	72	73	75	79	80	84	86	87	90	91	91	91	91	91	91	91	91	91	91	91	91	91	91	91	91	91	91	91	91	
6820	0	0	0	0	1	3	4	11	14	19	22	23	26	31	32	36	39	39	46	50	58	60	64	70	71	73	74	79	82	86	87	88	89	90	90	90	90	90	90	90	90	90	90	90	90	90	90	90	90	90	90	90	
6830	0	0	0	0	1	1	7	10	15	16	20	22	26	32	35	38	41	42	45	52	56	60	64	70	72	74	76	81	84	87	88	88	91	91	91	91	91	91	91	91	91	91	91	91	91	91	91	91	91	91	91	91	
6840	0	0	0	0	0	2	7	12	14	18	23	23	27	30	34	36	40	40	44	50	55	59	66	69	70	72	76	82	84	84	86	90	91	91	91	91	91	91	91	91	91	91	91	91	91	91	91	91	91	91	91	91	
6850	0	0	0	0	0	0	6	11	14	19	19	22	25	31	34	38	41	42	42	51	54	60	63	69	72	75	77	78	81	86	86	90	91	91	91	91	91	91	91	91	91	91	91	91	91	91	91	91	91	91	91	91	
6860	0	0	0	0	0	4	6	10	14	18	20	27	28	33	37	38	41	42	45	48	56	60	63	68	71	74	76	79	82	86	89	89	89	90	91	91	91	91	91	91	91	91	91	91	91	91	91	91	91	91	91	91	
6870	0	0	0	1	1	4	5	10	13	21	24	24	28	31	35	39	41	44	45	50	51	53	63	65	67	70	74	79	83	86	87	89	89	90	90	91	91	91	91	91	91	91	91	91	91	91	91	91	91	91	91	91	
6880	0	0	0	1	2	3	3	9	15	17	24	27	30	33	35	39	42	46	49	49	51	56	61	66	73	75	78	82	83	85	89	90	90	91	91	91	91	91	91	91	91	91	91	91	91	91	91	91	91	91	91	91	
6890	0	0	0	0	3	4	7	10	13	20	22	24	29	32	35	38	41	45	47	49	52	55	60	66	69	73	76	80	84	88	89	91	91	91	91	91	91	91	91	91	91	91	91	91	91	91	91	91	91	91	91	91	
6900	0	0	0	1	2	6	9	12	14	21	23	24	28	31	37	42	43	46	47	48	53	60	64	68	71	75	80	81	82	87	87	88	90	91	91	91	91	91	91	91	91	91	91	91	91	91	91	91	91	91	91	91	
6910	0	0	1	1	4	6	8	12	14	17	21	23	30	33	35	36	43	46	47	52	54	58	63	68	73	75	77	80	83	86	87	88	91	91	91	91	91	91	91	91	91	91	91	91	91	91	91	91	91	91	91	91	
6920	0	0	1	1	4	4	8	11	14	16	22	24	29	32	33	37	41	45	51	52	55	60	65	67	70	75	76	82	85	87	88	90	90	91	91	91	91	91	91	91	91	91	91	91	91	91	91	91	91	91	91	91	
6930	0	0	1	1	2	6	7	11	14	17	22	23	27	32	34	40	42	44	50	51	57	58	62	65	68	71	77	81	85	87	87	88	91	91	91	91	91	91	91	91	91	91	91	91	91	91	91	91	91	91	91	91	
6940	0	0	0	1	2	2	4	9	12	19	20	26	27	32	34	37	45	48	49	55	56	59	61	65	71	72	76	80	84	86	86	86	90	91	91	91	91	91	91	91	91	91	91	91	91	91	91	91	91	91	91	91	
6950	0	0	0	1	2	4	8	11	13	17	21	26	30	31	34	40	44	47	51	52	53	55	58	65	72	76	83	83	84	87	89	90	90	90	91	91	91	91	91	91	91	91	91	91	91	91	91	91	91	91	91	91	
6960	0	0	0	0	1	3	10	16	16	19	19	22	26	35	39	42	43	43	48	52	55	58	62	67	73	76	80	84	87	88	89	91	91	91	91	91	91	91	91	91	91	91	91	91	91	91	91	91	91	91	91	91	
6970	0	0	0	1	2	4	8	13	16	19	21	21	26	31	34	41	43	45	48	53	58	61	65	69	74	77	80	83	85	88	90	90	90	91	91	91	91	91	91	91	91	91	91	91	91	91	91	91	91	91	91	91	
6980	0	0	0	1	1	3	4	9	14	19	20	21	27	34	37	42	44	46	50	53	55	60	64	71	75	80	84	86	88	89	90	90	90	90	90	91	91	91	91	91	91	91	91	91	91	91	91	91	91	91	91	91	
6990	0	0	0	0	1	1	2	6	15	19	22	22	28	31	38	42	44	45	48	51	56	57	65	70	75	80	82	85	88	88	89	90	90	90	90	90	90	90	90	90	90	90	90	90	90	90	90	90	90	90	90	90	
7000	0	0	0	0	2	2	6	8	12	19	21	22	26	32	36	41	44	48	50	56	60	62	64	68	77	79	84	86	89	90	91	91	91	91	91	91	91	91	91	91	91	91	91	91	91	91	91	91	91	91	91	91	
7010	0	0	0	0	1	4	6	8	14	17	19	21	25	33	36	43	45	45	49	52	57	60	63	68	70	75	79	83	86	88	90	90	91	91	91	91	91	91	91	91	91	91	91	91	91	91	91	91	91	91	91	91	
7020	0	0	0	0	1	2	6	10	14	17	20	23	26	30	34	36	40	46	48	53	56	58	64	69	74	78	83	86	87	90	91	91	91	91	91	91	91	91	91	91	91	91	91	91	91	91	91	91	91	91	91	91	
7030	0	0	0	0	0	1	8	11	13	16	20	23	28	30	34	40	42	46	49	52	56	57	62	67	72	75	77	83	87	87	89	90	90	90	90	90	90	90	90	90	90	90	90	90	90	90	90	90	90	90	90	90	
7040	0	0	0	1	3	4	8	8	12	18	23	25	28	32	39	42	45	47	54	56	58	61	64	67	71	75	81	82	86	88	90	90	90	91	91	91	91	91	91	91	91	91	91	91	91	91	91	91	91	91	91	91	
7050	0	0	0	0	0	1	7	9	14	19	21	24	28	34	37	40	47	47	49	56	59	65	67	70	75	80	82	84	85	87	89	89	90	91	91	91	91	91	91	91	91	91	91	91	91	91	91	91	91	91	91	91	
7060	0	0	0	0	2	3	6	8	14	18	22	24	27	30	34	37	42	45	48	54	55	59	62	66	71	77	78	82	84	84	87	87	87	89	89	90	90	90	90	90	90	90	90	90	90	90	90	90	90	90	90	90	
7070	0	0	0	0	1	3	7	13	15	19	20	24	28	35	38	39	43	47	49	53	55	57	61	66	72	77	79	83	86	86	89	90	90	90	90	90	90	90	90	90	90	90	90	90	90	90	90	90	90	90	90	90	
7080	0	0	0	0	2	2	5	10	13	19	21	23	30	31	37	38	42	44	51	53	56	63	67	68	69	76	78	84	86	87	89	90	90	90	91	91	91	91	91	91	91	91	91	91	91	91	91	91	91	91	91	91	
7090	0	0	0	0	0	3	5	11	15	18	24	26	28	32	37	39	44	46	49	52	56	58	64	67	70	76	79	82	87	88	89	89	90	91	91	91	91	91	91	91	91	91	91	91	91	91	91	91	91	91	91	91	
7100	0	0	0	0	3	3	5	9	13	18	22	26	30	34	37	39	42	43	48	52	54	60	64	66	71	76	80	82	85	87	88	88	89	90	90	90	90	90	90	90	90	90	90	90	90	90	90	90	90	90	90	90	
7110	0	0	0	0	1	2	5	11	16	20	23	28	31	34	36	39	42	43	45	51	55	61	65	67	71	76	78	84	86	86	88	88	90	90	90	90	90	90	90	90	90	90	90	90	90	90	90	90	90	90	90	90	
7120	0	0	0	1	3	5	5	10	13	19	21	24	30	30	36	40	44	49	49	54	58	61	64	69	72	76	80	83	87	87	87	88	89	89	90	90	90	90	90	90	90	90	90	90	90	90	90	90	90	90	90	90	
7130	0	0	0	0	0	2	6	10	15	20	23	25	29	32	33	39	44	47	52	54	58	60	64	68	73	77	81	82	85	87	88	90	90	90	90	90	90	90	90	90	90	90	90	90	90	90	90	90	90	90	90	90	
7140	0	0	0	0	1	3	9	11	14	19	24	27	32	34	36	40	42	43	49	54	55	59	65	70	71	77	83	83	85	86	88	89	90	90	90	90	90	90	90	90	90	90	90	90	90	90	90	90	90	90	90	90	
7150	0	0	0	0	1	2	3	12	18	22	23	25	28	33	37	40	42	44	51	53	58	60	64	69	75	77	81	86	87	88	88	88	90	90	90	90	90	90	90	90	90	90	90	90	90	90	90	90	90	90	90	90	
7160	0	0	0	0	2	5	9	12	17	21	23	26	30	37	39	40	41	45	51	55	56	59	63	66	74	77	82	85	86	87	87	88	89	89	89	89	89	89	89	89	89	89	89	89	89	89	89	89	89	89	89	89	
7170	0	0	0	0	1	5	7	14	18	22	22	25	27	30	37	38	40	45	50	53	56	60	61	69	72	79	83	85	87	87	88	88	88	88	89	89	89	89	89	89	89	89	89	89	89	89	89	89	89	89	89	89	
7180	0	0	0	0	1	3	6	12	18	20	21	24	29	33	37	40	42	43	50	51	56	58	64	68	70	75	77	82	85	85	86	89	89	89	89	89	89	89	89	89	89	89	89	89	89	89	89	89	89	89	89	89	
7190	0	0	0	0	1	4	10	15	15	17	21	25	29	30	34	36	45	47	50	54	54	59	65	69	73	77	83	84	85	87	89	90	90	90	90	90	90	90	90	90	90	90	90	90	90	90	90	90	90	90	90	90	
7200	0	0	1	1	3	6	10	12	18	21	22	23	27	28	31	36	39	42	47	51	56	59	64	70	74	77	79	83	84	86	86	88	88	89	89	89	89	89	89	89	89	89	89	89	89	89	89	89	89	89	89	89	
7210	0	0	1	4	5	7	9	11	18	20	22	24	25	29	32	35	39	45	47	52	58	64	66	69	72	77	82	84	87	88	88	89	90	90	90	90	90	90	90	90	90	90	90	90	90	90	90	90	90	90	90	90	
7220	0	0	0	1	3	6	10	15	16	18	22	24	26	29	34	40	41	44	48	54	59	63	68	75	76	81	82	86	86	88	89	89	89	89	90	90	90	90	90	90	90	90	90	90	90	90	90	90	90	90	90	90	
7230	0	0	0	1	5	7	9	13	16	20	24	25	26	29	32	38	42	45	47	50	54	61	66	71	77	81	82	85	87	88	89	90	90	90	90	90	90	90	90	90	90	90	90	90	90	90	90	90	90	90	90	90	
7240	0	0	0	2	2	5	8	11	15	19	24	26	28	30	33	37	43	46	47	55	60	61	64	70	76	79	81	84	84	84	87	88	89	89	89	89	89	89	89	89	89	89	89	89	89	89	89	89	89	89	89	89	
7250	0	0	0	2	4	7	12	13	15	18	23	25	28	29	35	37	43	45	47	51	58	65	69	74	76	78	81	83	85	87	88	89	90	90	90	90	90	90	90	90	90	90	90	90	90	90	90	90	90	90	90	90	
7260	0	0	0	1	3	6	8	12	15	17	20	23	27	32	33	37	43	46	47	56	60	64	66	70	74	79	81	83	84	86	87	89	89	89	90	90	90	90	90	90	90	90	90	90	90	90	90	90	90	90	90	90	
7270	0	0	0	0	2	4	7	11	12	19	22	24	27	28	32	34	41	45	46	53	57	63	69	72	75	80	83	84	87	88	89	89	89	90	90	90	90	90	90	90	90	90	90	90	90	90	90	90	90	90	90	90	
7280	0	0	0	1	1	4	6	11	14	18	21	22	27	28	31	37	43	47	50	54	56	64	68	73	76	79	83	85	86	86	87	89	90	90	90	90	90	90	90	90	90	90	90	90	90	90	90	90	90	90	90	90	
7290	0	0	0	2	2	3	7	12	16	18	23	25	26	26	28	32	38	44	48	56	58	61	64	68	72	77	83	83	86	87	88	89	90	90	90	90	90	90	90	90	90	90	90	90	90	90	90	90	90	90	90	90	
7300	0	0	0	0	1	4	11	12	16	19	24	25	25	25	29	38	43	49	52	55	57	63	68	72	78	80	86	86	86	88	88	89	90	90	90	90	90	90	90	90	90	90	90	90	90	90	90	90	90	90	90	90	
7310	0	0	0	1	1	2	6	10	16	20	22	24	25	26	32	39	42	44	47	54	59	61	66	69	78	82	84	85	85	86	88	89	89	89	89	89	89	89	89	89	89	89	89	89	89	89	89	89	89	89	89	89	
7320	0	0	0	1	1	3	9	10	14	20	25	25	25	28	33	39	42	48	50	54	57	62	66	72	76	80	82	86	87	88	89	90	90	90	90	90	90	90	90	90	90	90	90	90	90	90	90	90	90	90	90	90	
7330	0	0	0	0	1	3	7	11	13	19	22	24	25	29	34	37	41	43	46	52	58	61	67	72	75	79	83	85	85	87	88	88	90	90	90	90	90	90	90	90	90	90	90	90	90	90	90	90	90	90	90	90	
7340	0	0	0	1	1	1	9	11	16	21	24	24	25	26	31	34	40	43	47	50	55	57	64	69	72	77	82	84	84	86	88	88	89	90	90	90	90	90	90	90	90	90	90	90	90	90	90	90	90	90	90	90	
7350	0	0	0	0	2	3	6	13	16	22	22	24	26	27	30	39	41	45	49	53	54	62	66	71	72	79	81	83	85	87	88	89	90	90	90	90	90	90	90	90	90	90	90	90	90	90	90	90	90	90	90	90	
7360	0	0	0	0	1	5	7	12	18	20	23	25	26	28	33	41	44	47	50	55	57	60	67	69	76	78	82	84	87	89	90	90	90	90	90	90	90	90	90	90	90	90	90	90	90	90	90	90	90	90	90	90	
7370	0	0	0	0	1	2	9	13	14	20	25	26	27	30	34	37	42	47	50	56	59	63	67	72	74	79	80	81	84	87	89	89	90	90	90	90	90	90	90	90	90	90	90	90	90	90	90	90	90	90	90	90	
7380	0	0	0	0	2	5	9	15	16	20	23	23	26	29	34	41	47	49	54	55	59	62	66	73	75	79	83	84	85	85	88	90	90	90	90	90	90	90	90	90	90	90	90	90	90	90	90	90	90	90	90	90	
7390	0	0	0	0	1	4	7	11	15	22	25	27	28	30	34	38	47	50	53	55	60	65	68	72	75	80	82	84	86	88	88	89	89	89	90	90	90	90	90	90	90	90	90	90	90	90	90	90	90	90	90	90	
7400	0	0	0	0	1	4	7	12	16	20	23	25	27	29	33	39	45	49	53	56	60	67	68	70	73	77	83	84	86	87	88	90	90	90	90	90	90	90	90	90	90	90	90	90	90	90	90	90	90	90	90	90	
7410	0	0	0	0	2	7	9	13	17	20	21	24	27	33	35	36	43	50	53	57	65	68	71	73	75	77	80	82	86	87	88	88	90	90	90	90	90	90	90	90	90	90	90	90	90	90	90	90	90	90	90	90	
7420	0	0	0	0	1	7	8	11	16	21	26	27	27	29	31	35	42	48	57	62	64	66	68	73	76	80	81	82	86	87	88	89	89	89	89	89	89	89	89	89	89	89	89	89	89	89	89	89	89	89	89	89	
7430	0	0	0	0	4	5	9	10	16	24	25	26	29	31	34	40	45	50	56	57	59	67	70	71	74	78	79	81	85	87	88	88	88	88	89	90	90	90	90	90	90	90	90	90	90	90	90	90	90	90	90	90	
7440	0	0	0	0	1	4	7	12	16	20	23	25	30	34	37	38	42	47	55	60	61	64	73	74	76	77	80	83	84	86	88	88	89	90	90	90	90	90	90	90	90	90	90	90	90	90	90	90	90	90	90	90	
7450	0	0	0	0	2	4	7	9	13	21	24	26	28	30	34	36	43	47	52	56	61	64	67	74	74	77	78	80	83	84	85	86	88	89	89	89	89	89	89	89	89	89	89	89	89	89	89	89	89	89	89	89	
7460	0	0	0	0	1	5	7	13	16	20	23	26	28	32	32	37	43	48	55	58	61	66	71	74	76	78	78	81	82	84	86	87	88	88	89	89	89	89	89	89	89	89	89	89	89	89	89	89	89	89	89	89	
7470	0	0	0	0	1	4	9	14	19	21	23	27	29	30	34	37	40	47	52	59	63	66	70	73	73	77	80	83	84	86	87	88	89	89	90	90	90	90	90	90	90	90	90	90	90	90	90	90	90	90	90	90	
7480	0	0	0	0	2	5	9	13	17	20	24	26	27	28	32	38	44	51	54	55	61	63	68	71	75	78	79	81	82	83	84	86	86	88	88	88	88	88	88	88	88	88	88	88	88	88	88	88	88	88	88	88	
7490	0	0	0	0	2	5	8	14	16	20	23	26	28	29	34	39	47	54	55	61	64	69	69	71	75	77	79	80	82	84	85	86	87	89	89	89	89	89	89	89	89	89	89	89	89	89	89	89	89	89	89	89	
7500	0	0	0	0	2	5	8	15	17	20	23	24	26	29	36	43	49	52	56	61	63	65	67	69	75	78	80	82	82	82	84	85	86	87	87	88	88	88	88	88	88	88	88	88	88	88	88	88	88	88	88	88	
7510	0	0	0	0	2	5	7	13	18	20	24	27	28	31	33	38	44	54	57	58	63	67	69	71	75	79	81	83	83	84	86	87	88	89	89	89	89	89	89	89	89	89	89	89	89	89	89	89	89	89	89	89	
7520	0	0	0	0	1	4	7	14	19	22	25	26	29	31	33	39	45	50	51	60	60	65	68	73	76	79	80	81	82	85	87	88	89	89	89	89	89	89	89	89	89	89	89	89	89	89	89	89	89	89	89	89	
7530	0	0	0	0	2	5	9	16	16	19	21	24	26	33	41	44	46	51	55	56	57	63	67	69	74	77	80	82	82	85	87	89	89	89	89	89	89	89	89	89	89	89	89	89	89	89	89	89	89	89	89	89	
7540	0	0	1	1	2	6	10	14	18	20	21	21	26	31	36	44	48	52	54	58	60	63	66	70	72	77	78	81	83	84	85	86	88	88	88	88	88	88	88	88	88	88	88	88	88	88	88	88	88	88	88	88	
7550	0	0	0	0	0	5	9	15	19	22	24	25	25	29	37	43	50	52	59	62	65	67	70	73	74	77	80	81	82	83	86	88	89	89	89	89	89	89	89	89	89	89	89	89	89	89	89	89	89	89	89	89	
7560	0	0	0	0	2	3	8	12	17	19	22	25	28	29	33	37	42	53	58	60	60	63	68	73	74	77	80	81	83	85	85	87	87	88	89	89	89	89	89	89	89	89	89	89	89	89	89	89	89	89	89	89	
7570	0	0	0	0	2	4	6	13	18	21	24	25	28	30	36	39	44	48	56	59	59	63	67	70	73	79	82	82	82	83	87	88	88	88	89	89	89	89	89	89	89	89	89	89	89	89	89	89	89	89	89	89	
7580	0	0	0	0	1	2	9	10	16	23	24	26	27	30	32	38	43	45	51	56	60	64	68	70	74	78	81	84	86	86	86	87	87	88	88	89	89	89	89	89	89	89	89	89	89	89	89	89	89	89	89	89	
7590	0	0	0	0	1	3	5	13	17	20	23	25	27	30	36	39	41	45	50	54	63	65	69	73	78	79	83	84	84	85	85	86	86	86	88	88	89	89	89	89	89	89	89	89	89	89	89	89	89	89	89	89	
7600	0	0	0	0	1	5	9	12	16	22	24	26	29	31	36	36	41	48	52	56	58	62	69	75	76	79	83	87	87	87	88	88	88	88	90	90	90	90	90	90	90	90	90	90	90	90	90	90	90	90	90	90	
7610	0	0	0	1	1	6	8	11	17	21	23	23	27	31	35	37	40	47	49	53	61	67	70	75	77	80	81	85	86	87	87	87	87	88	90	90	90	90	90	90	90	90	90	90	90	90	90	90	90	90	90	90	
7620	0	0	0	0	1	4	6	12	16	21	22	25	28	30	33	35	43	47	54	56	59	63	69	71	78	80	82	83	84	85	87	87	88	89	89	90	90	90	90	90	90	90	90	90	90	90	90	90	90	90	90	90	
7630	0	0	0	1	1	3	6	10	18	22	24	27	29	30	33	39	41	43	51	58	59	62	68	73	74	77	81	83	85	85	86	86	86	88	89	89	89	89	89	89	89	89	89	89	89	89	89	89	89	89	89	89	
7640	0	0	0	0	0	3	5	9	12	20	25	25	28	31	35	38	42	44	50	55	61	67	68	69	74	78	82	83	84	85	86	86	87	88	89	89	89	89	89	89	89	89	89	89	89	89	89	89	89	89	89	89	
7650	0	0	0	0	3	4	7	11	15	21	24	27	29	31	34	38	41	48	53	57	61	63	64	70	76	78	80	82	83	86	87	88	88	88	88	89	89	89	89	89	89	89	89	89	89	89	89	89	89	89	89	89	
7660	0	0	0	1	1	3	6	10	20	24	26	27	28	29	34	38	42	45	52	52	61	66	67	72	74	76	80	82	83	84	86	86	87	88	89	89	89	89	89	89	89	89	89	89	89	89	89	89	89	89	89	89	
7670	0	0	0	2	2	4	11	18	21	25	26	27	27	30	34	38	40	46	50	56	61	65	69	73	77	78	81	82	82	84	87	88	88	88	88	89	89	89	89	89	89	89	89	89	89	89	89	89	89	89	89	89	
7680	0	0	0	1	1	3	8	14	17	22	25	27	27	29	32	36	40	47	49	57	59	63	69	73	77	79	82	82	83	84	87	87	87	88	89	89	89	89	89	89	89	89	89	89	89	89	89	89	89	89	89	89	
7690	0	0	0	0	2	3	8	15	19	22	24	26	27	30	32	34	41	44	45	48	55	63	67	69	71	78	79	82	83	85	87	87	88	88	89	89	89	89	89	89	89	89	89	89	89	89	89	89	89	89	89	89	
7700	0	0	0	0	2	4	9	15	17	21	23	26	28	30	35	39	41	43	47	54	58	59	61	71	76	79	81	83	85	87	87	87	89	89	89	89	89	89	89	89	89	89	89	89	89	89	89	89	89	89	89	89	
7710	0	0	1	2	2	2	8	13	15	20	23	25	30	30	34	39	41	44	47	50	54	60	68	74	79	79	79	82	86	87	88	88	89	89	90	90	90	90	90	90	90	90	90	90	90	90	90	90	90	90	90	90	
7720	0	0	0	0	0	1	6	12	17	20	23	25	26	29	31	34	39	45	46	53	58	63	68	73	77	79	82	84	86	86	86	87	88	88	89	89	89	89	89	89	89	89	89	89	89	89	89	89	89	89	89	89	
7730	0	0	0	0	2	2	7	13	15	21	23	23	25	29	33	39	41	44	47	54	57	60	66	72	77	80	82	83	85	86	86	86	87	87	87	88	88	88	88	88	88	88	88	88	88	88	88	88	88	88	88	88	
7740	0	0	0	0	0	0	4	12	16	19	21	25	28	29	33	37	40	42	45	50	57	60	66	70	74	78	82	84	84	85	86	86	87	87	87	87	88	88	88	88	88	88	88	88	88	88	88	88	88	88	88	88	
7750	0	0	0	0	0	1	4	10	13	21	22	23	26	29	33	39	41	42	46	51	58	63	67	69	75	77	82	82	83	83	84	85	85	86	86	88	88	88	88	88	88	88	88	88	88	88	88	88	88	88	88	88	
7760	0	0	0	0	0	2	7	8	16	19	22	25	26	29	36	39	39	42	47	49	54	56	61	71	75	81	82	82	82	83	85	86	86	88	88	88	88	88	88	88	88	88	88	88	88	88	88	88	88	88	88	88	
7770	0	0	0	0	0	1	4	11	16	20	22	26	29	33	39	39	42	45	49	50	53	58	63	71	78	78	80	81	83	84	85	86	86	88	88	88	88	88	88	88	88	88	88	88	88	88	88	88	88	88	88	88	
7780	0	0	0	0	1	3	5	8	17	19	23	25	27	32	34	39	43	45	49	52	54	61	68	71	73	76	80	83	84	85	86	86	87	88	88	88	88	88	88	88	88	88	88	88	88	88	88	88	88	88	88	88	
7790	0	0	0	0	0	2	5	11	14	19	23	25	26	32	35	39	44	45	47	55	56	63	70	73	76	78	79	82	84	86	87	87	88	88	88	88	88	88	88	88	88	88	88	88	88	88	88	88	88	88	88	88	
7800	0	0	0	0	1	1	3	11	14	23	24	24	31	32	33	35	39	43	46	51	59	64	69	70	74	80	82	83	85	86	87	87	88	88	88	88	88	88	88	88	88	88	88	88	88	88	88	88	88	88	88	88	
7810	0	0	0	1	2	2	6	11	17	20	21	24	27	30	33	35	38	45	47	51	54	63	72	75	76	79	80	82	83	85	86	87	88	88	88	88	88	88	88	88	88	88	88	88	88	88	88	88	88	88	88	88	
7820	0	0	0	1	3	5	10	12	16	20	23	27	28	31	34	39	42	44	48	51	56	61	64	68	72	77	81	82	86	86	87	87	88	88	88	88	88	88	88	88	88	88	88	88	88	88	88	88	88	88	88	88	
7830	0	0	1	1	1	2	9	14	17	20	23	23	28	32	35	38	39	45	47	50	56	61	68	73	75	77	81	83	84	86	86	88	88	88	88	88	88	88	88	88	88	88	88	88	88	88	88	88	88	88	88	88	
7840	0	0	1	1	2	5	8	12	18	22	24	25	27	30	32	39	41	43	48	50	58	62	68	72	77	78	81	81	85	86	87	87	87	87	87	88	88	88	88	88	88	88	88	88	88	88	88	88	88	88	88	88	
7850	0	0	0	1	3	6	8	9	14	21	24	25	28	31	34	36	40	43	47	53	55	59	64	70	80	80	81	82	85	86	87	87	88	88	88	88	88	88	88	88	88	88	88	88	88	88	88	88	88	88	88	88	
7860	0	0	0	0	4	5	7	11	16	19	24	25	25	30	33	37	41	45	48	52	53	60	66	68	73	74	82	84	84	86	88	88	88	88	88	88	88	88	88	88	88	88	88	88	88	88	88	88	88	88	88	88	
7870	0	0	0	0	2	5	7	10	17	17	23	25	26	31	35	38	40	43	44	47	52	64	66	72	74	78	82	83	84	84	85	87	87	87	87	87	87	87	87	87	87	87	87	87	87	87	87	87	87	87	87	87	
7880	0	0	0	1	3	7	8	11	15	21	24	28	28	33	34	37	39	41	43	48	55	60	64	67	74	78	82	84	85	88	88	88	88	88	88	88	88	88	88	88	88	88	88	88	88	88	88	88	88	88	88	88	
7890	0	0	0	1	3	5	10	15	17	22	24	28	31	32	33	36	36	39	42	46	56	61	69	71	74	77	79	82	84	85	85	86	88	88	88	88	88	88	88	88	88	88	88	88	88	88	88	88	88	88	88	88	
7900	0	0	0	0	3	6	8	12	16	21	25	27	30	31	33	38	39	42	45	49	54	63	66	69	73	79	81	84	85	86	87	88	88	88	88	88	88	88	88	88	88	88	88	88	88	88	88	88	88	88	88	88	
7910	0	0	0	1	2	6	8	11	17	22	24	26	28	31	34	37	40	43	45	48	55	60	65	69	73	78	80	83	83	88	88	88	88	88	88	88	88	88	88	88	88	88	88	88	88	88	88	88	88	88	88	88	
7920	0	0	0	0	4	5	9	10	14	19	23	27	30	33	33	36	39	44	49	53	59	63	70	72	74	80	80	83	85	86	87	88	88	88	88	88	88	88	88	88	88	88	88	88	88	88	88	88	88	88	88	88	
7930	0	0	0	1	3	5	5	10	12	17	22	24	29	31	33	36	40	43	48	52	58	64	69	73	76	78	80	81	83	85	87	88	88	88	88	88	88	88	88	88	88	88	88	88	88	88	88	88	88	88	88	88	
7940	0	0	0	0	1	6	8	14	15	17	22	26	28	31	34	37	41	41	44	46	54	61	68	71	75	79	80	85	86	87	87	87	88	88	88	88	88	88	88	88	88	88	88	88	88	88	88	88	88	88	88	88	
7950	0	0	1	1	2	5	9	12	16	20	22	23	25	31	31	37	41	43	44	51	59	60	65	72	77	79	82	82	84	86	88	88	88	88	88	88	88	88	88	88	88	88	88	88	88	88	88	88	88	88	88	88	
7960	0	0	0	0	1	3	8	15	17	19	22	24	26	31	33	39	41	43	44	49	55	62	64	70	75	80	81	83	84	85	86	86	86	86	86	86	86	86	86	86	86	86	86	86	86	86	86	86	86	86	86	86	
7970	0	0	0	1	2	6	8	11	16	20	24	24	26	29	32	38	40	43	46	51	55	60	65	74	77	79	81	84	85	86	87	87	87	87	87	87	87	87	87	87	87	87	87	87	87	87	87	87	87	87	87	87	
7980	0	0	0	1	3	4	8	12	16	20	23	24	28	32	33	37	39	41	44	48	53	56	62	69	75	79	80	82	84	85	85	87	87	87	87	87	87	87	87	87	87	87	87	87	87	87	87	87	87	87	87	87	
7990	0	0	0	1	2	4	9	12	17	19	22	24	28	29	34	36	38	42	45	49	55	60	66	71	77	82	82	82	83	86	87	87	87	87	87	87	87	87	87	87	87	87	87	87	87	87	87	87	87	87	87	87	
8000	0	0	0	2	3	4	8	11	16	18	22	25	27	29	33	36	36	41	45	46	53	57	64	73	76	78	81	84	86	87	87	87	87	87	87	87	87	87	87	87	87	87	87	87	87	87	87	87	87	87	87	87	
8010	0	0	1	1	3	3	8	12	17	22	24	25	29	33	33	36	37	40	45	49	52	58	66	69	74	76	78	83	85	85	87	87	87	87	87	87	87	87	87	87	87	87	87	87	87	87	87	87	87	87	87	87	
8020	0	0	0	0	3	4	9	10	16	19	24	25	27	30	35	36	38	42	46	51	52	59	66	70	74	78	79	85	86	87	87	87	87	87	87	87	87	87	87	87	87	87	87	87	87	87	87	87	87	87	87	87	
8030	0	0	0	2	3	5	8	16	19	22	26	28	29	32	35	38	38	42	44	48	56	63	65	70	73	75	80	83	86	87	87	87	87	87	87	87	87	87	87	87	87	87	87	87	87	87	87	87	87	87	87	87	
8040	0	0	0	0	2	7	9	12	18	21	27	27	30	32	34	35	39	41	45	46	53	57	62	65	70	76	82	84	86	86	87	87	87	87	87	87	87	87	87	87	87	87	87	87	87	87	87	87	87	87	87	87	
8050	0	0	0	0	1	1	8	12	16	19	23	25	26	30	33	37	40	40	43	48	52	57	62	68	74	78	81	82	84	85	87	87	87	87	87	87	87	87	87	87	87	87	87	87	87	87	87	87	87	87	87	87	
8060	0	0	0	0	0	3	7	10	14	17	21	22	25	30	31	36	39	41	46	51	57	61	66	68	72	78	82	84	86	86	86	86	87	87	87	87	87	87	87	87	87	87	87	87	87	87	87	87	87	87	87	87	
8070	0	0	0	0	3	7	11	14	16	19	22	23	26	27	30	38	40	42	44	51	53	59	64	70	72	76	82	84	85	86	87	87	87	87	87	87	87	87	87	87	87	87	87	87	87	87	87	87	87	87	87	87	
8080	0	0	0	1	2	3	7	11	15	18	21	23	28	31	32	34	37	40	45	48	51	59	64	67	73	76	79	83	87	87	87	88	88	88	88	88	88	88	88	88	88	88	88	88	88	88	88	88	88	88	88	88	
8090	0	0	0	1	3	3	9	10	17	19	21	23	25	29	32	35	40	40	45	48	54	58	62	68	70	75	78	83	86	86	87	87	87	87	87	87	87	87	87	87	87	87	87	87	87	87	87	87	87	87	87	87	
8100	0	0	0	1	5	5	9	14	17	17	20	23	28	31	33	36	42	45	46	46	56	59	67	68	70	73	79	83	85	86	86	87	87	87	87	87	87	87	87	87	87	87	87	87	87	87	87	87	87	87	87	87	
8110	0	0	0	0	3	6	9	11	15	18	20	21	25	27	29	34	37	40	44	48	53	58	63	70	74	76	81	84	85	85	85	85	87	87	87	87	87	87	87	87	87	87	87	87	87	87	87	87	87	87	87	87	
8120	0	0	0	0	1	5	8	12	17	19	22	24	25	27	30	37	39	40	45	50	53	58	64	68	72	74	76	83	85	85	85	87	87	87	87	87	87	87	87	87	87	87	87	87	87	87	87	87	87	87	87	87	
8130	0	0	0	0	4	5	10	14	16	19	22	24	27	29	31	33	39	41	47	51	53	58	64	70	73	77	80	85	85	88	88	88	88	88	88	88	88	88	88	88	88	88	88	88	88	88	88	88	88	88	88	88	
8140	0	0	0	1	3	3	6	13	17	20	21	23	26	29	31	34	38	41	46	50	54	61	63	69	72	77	78	80	83	87	87	88	88	88	88	88	88	88	88	88	88	88	88	88	88	88	88	88	88	88	88	88	
8150	0	0	0	1	2	4	6	12	17	19	21	23	24	29	32	36	40	43	46	52	55	61	62	63	68	76	79	82	83	85	86	88	88	88	88	88	88	88	88	88	88	88	88	88	88	88	88	88	88	88	88	88	
8160	0	0	0	0	2	4	9	12	17	18	21	22	25	28	32	34	41	44	46	53	55	60	63	66	69	74	80	83	84	85	87	88	88	88	88	88	88	88	88	88	88	88	88	88	88	88	88	88	88	88	88	88	
8170	0	0	1	1	2	5	8	15	17	17	21	22	28	30	33	38	39	46	48	53	58	59	65	69	74	77	79	83	84	86	87	87	88	88	88	88	88	88	88	88	88	88	88	88	88	88	88	88	88	88	88	88	
8180	0	0	0	1	3	3	7	13	16	19	22	23	29	31	34	40	44	47	49	52	56	61	63	66	72	79	80	83	85	87	87	88	88	88	88	88	88	88	88	88	88	88	88	88	88	88	88	88	88	88	88	88	
8190	0	0	0	1	3	5	10	14	17	21	24	26	29	30	34	39	40	46	49	51	56	59	63	68	73	77	81	85	87	87	88	88	88	88	88	88	88	88	88	88	88	88	88	88	88	88	88	88	88	88	88	88	
8200	0	0	0	0	0	3	8	12	18	21	24	25	28	33	34	40	41	44	51	53	56	60	64	68	69	75	80	82	85	86	87	87	88	88	88	88	88	88	88	88	88	88	88	88	88	88	88	88	88	88	88	88	
8210	0	0	0	1	1	5	10	12	19	21	24	26	27	31	37	39	40	43	50	53	58	60	62	65	72	74	77	83	84	87	87	88	88	88	88	88	88	88	88	88	88	88	88	88	88	88	88	88	88	88	88	88	
8220	0	0	0	0	4	4	8	15	19	21	23	25	26	27	31	36	41	43	48	54	60	64	67	70	71	73	81	83	87	88	88	88	88	88	88	88	88	88	88	88	88	88	88	88	88	88	88	88	88	88	88	88	
8230	0	0	1	1	1	4	7	11	17	22	23	27	28	31	31	35	42	46	52	54	59	62	68	70	74	80	81	84	87	88	89	89	89	89	89	89	89	89	89	89	89	89	89	89	89	89	89	89	89	89	89	89	
8240	0	0	1	1	2	4	8	12	19	21	23	24	24	31	35	36	43	48	52	54	56	63	66	74	77	80	84	85	85	88	88	88	88	88	88	88	88	88	88	88	88	88	88	88	88	88	88	88	88	88	88	88	
8250	0	0	0	0	2	4	8	9	14	16	21	21	25	29	32	38	47	51	52	54	59	61	64	67	73	79	82	85	86	88	89	89	89	89	89	89	89	89	89	89	89	89	89	89	89	89	89	89	89	89	89	89	
8260	0	0	0	0	1	2	5	11	14	17	22	23	23	28	33	37	44	49	54	56	59	63	65	70	74	76	82	82	83	86	88	89	89	89	89	89	89	89	89	89	89	89	89	89	89	89	89	89	89	89	89	89	
8270	0	0	0	0	1	3	6	10	13	16	21	23	24	27	32	35	42	48	54	59	62	64	66	68	70	75	79	82	85	87	89	89	89	89	89	89	89	89	89	89	89	89	89	89	89	89	89	89	89	89	89	89	
8280	0	0	0	1	1	3	5	11	15	17	21	22	28	30	32	38	43	50	55	60	62	65	65	69	73	77	82	83	84	89	90	90	90	90	90	90	90	90	90	90	90	90	90	90	90	90	90	90	90	90	90	90	
8290	0	0	0	0	2	3	7	13	15	19	20	25	28	30	32	38	46	50	55	59	61	61	63	67	74	77	81	83	84	87	88	89	89	89	89	89	89	89	89	89	89	89	89	89	89	89	89	89	89	89	89	89	
8300	0	0	0	1	3	4	7	14	15	19	23	25	27	28	34	38	45	51	55	55	59	60	63	67	75	79	82	82	83	86	87	87	88	88	88	88	88	88	88	88	88	88	88	88	88	88	88	88	88	88	88	88	
8310	0	0	0	0	1	4	8	13	15	21	22	23	25	30	32	38	42	48	51	55	60	62	65	68	74	76	78	81	85	86	87	88	88	88	88	88	88	88	88	88	88	88	88	88	88	88	88	88	88	88	88	88	
8320	0	0	0	0	1	1	3	12	18	20	22	22	26	29	31	38	45	50	52	58	60	64	64	67	70	75	79	83	85	86	86	87	87	87	87	87	87	87	87	87	87	87	87	87	87	87	87	87	87	87	87	87	
8330	0	0	0	0	2	4	9	14	16	20	24	26	26	26	35	36	44	50	54	58	61	64	65	66	68	75	79	82	85	87	87	87	87	87	87	87	87	87	87	87	87	87	87	87	87	87	87	87	87	87	87	87	
8340	0	0	0	0	2	3	8	12	16	20	22	26	28	30	34	38	44	50	53	56	59	64	66	67	69	71	75	81	82	87	87	88	88	88	88	88	88	88	88	88	88	88	88	88	88	88	88	88	88	88	88	88	
8350	0	0	0	1	2	5	9	13	16	20	21	25	27	30	34	36	44	44	48	51	55	59	65	68	69	71	76	80	84	85	86	87	87	87	87	87	87	87	87	87	87	87	87	87	87	87	87	87	87	87	87	87	
8360	0	0	0	1	1	3	8	12	18	21	23	25	29	31	35	36	44	47	52	55	57	64	67	69	71	73	79	82	87	87	88	88	88	88	88	88	88	88	88	88	88	88	88	88	88	88	88	88	88	88	88	88	
8370	0	0	0	1	2	3	5	13	17	22	23	27	27	29	35	39	42	47	50	56	60	65	67	69	70	71	76	79	83	85	86	87	88	88	88	88	88	88	88	88	88	88	88	88	88	88	88	88	88	88	88	88	
8380	0	0	0	1	2	3	7	13	17	20	23	24	27	29	34	40	44	49	53	58	63	66	68	72	75	77	77	81	83	85	87	89	89	89	89	89	89	89	89	89	89	89	89	89	89	89	89	89	89	89	89	89	
8390	0	0	0	0	2	6	10	14	16	20	23	24	27	29	34	42	43	46	52	57	62	63	67	70	75	77	79	81	86	88	88	89	89	89	89	89	89	89	89	89	89	89	89	89	89	89	89	89	89	89	89	89	
8400	0	0	0	0	1	3	12	15	18	20	21	24	26	28	38	39	44	47	55	58	62	66	66	70	74	77	81	83	85	87	88	89	89	89	89	89	89	89	89	89	89	89	89	89	89	89	89	89	89	89	89	89	
8410	0	0	0	0	1	2	9	15	19	21	23	24	24	29	34	38	42	48	52	56	60	63	65	67	72	75	81	83	86	86	88	88	89	89	89	89	89	89	89	89	89	89	89	89	89	89	89	89	89	89	89	89	
8420	0	0	0	1	2	5	8	13	18	20	21	23	25	28	30	34	37	45	49	57	60	62	64	71	75	76	80	84	87	87	87	87	88	88	88	88	88	88	88	88	88	88	88	88	88	88	88	88	88	88	88	88	
8430	0	0	0	0	1	2	7	13	19	22	23	26	28	32	35	41	45	49	52	57	62	64	67	69	77	82	82	85	88	89	90	90	90	90	90	90	90	90	90	90	90	90	90	90	90	90	90	90	90	90	90	90	
8440	0	0	0	0	0	2	8	14	17	21	21	24	26	29	30	37	41	49	50	57	64	65	65	68	73	78	81	85	86	89	90	90	90	90	90	90	90	90	90	90	90	90	90	90	90	90	90	90	90	90	90	90	
8450	0	0	0	0	1	3	10	14	15	20	23	23	28	30	33	36	42	45	50	55	60	62	65	68	73	78	82	85	87	88	89	89	89	89	89	89	89	89	89	89	89	89	89	89	89	89	89	89	89	89	89	89	
8460	0	0	0	0	0	4	7	14	19	20	23	24	27	33	35	37	40	43	50	53	58	62	67	70	74	79	83	84	86	88	89	89	89	89	89	89	89	89	89	89	89	89	89	89	89	89	89	89	89	89	89	89	
8470	0	0	0	0	0	5	8	13	18	21	23	24	26	29	34	37	41	48	49	54	59	63	67	69	74	79	86	86	88	88	88	89	89	89	89	89	89	89	89	89	89	89	89	89	89	89	89	89	89	89	89	89	
8480	0	0	0	0	2	2	8	15	20	20	21	22	25	31	35	39	42	44	53	57	60	65	67	69	75	80	83	87	88	90	90	90	90	90	90	90	90	90	90	90	90	90	90	90	90	90	90	90	90	90	90	90	
8490	0	0	0	0	2	3	6	11	15	18	25	25	27	29	34	37	43	48	55	60	63	66	71	76	81	81	82	86	88	89	89	89	89	89	89	89	89	89	89	89	89	89	89	89	89	89	89	89	89	89	89	89	
8500	0	0	0	0	1	4	5	13	17	19	23	27	28	31	34	37	43	44	50	55	60	63	65	68	72	77	81	85	87	88	88	88	88	88	88	88	88	88	88	88	88	88	88	88	88	88	88	88	88	88	88	88	
8510	0	0	0	0	1	2	7	13	15	22	23	27	30	31	33	38	43	48	51	55	62	64	65	68	72	76	80	83	84	86	86	86	86	86	86	86	86	86	86	86	86	86	86	86	86	86	86	86	86	86	86	86	
8520	0	0	0	0	0	3	6	11	15	20	24	27	27	32	34	38	41	43	50	53	57	63	67	70	70	76	84	86	87	88	88	88	88	88	88	88	88	88	88	88	88	88	88	88	88	88	88	88	88	88	88	88	
8530	0	0	0	0	1	1	2	8	17	20	24	25	29	32	34	37	41	44	50	55	58	62	63	67	74	80	83	86	86	87	88	88	88	88	88	88	88	88	88	88	88	88	88	88	88	88	88	88	88	88	88	88	
8540	0	0	0	0	1	3	7	12	16	20	23	27	31	32	35	37	44	44	47	53	57	58	63	72	74	79	83	84	85	88	88	88	88	88	88	88	88	88	88	88	88	88	88	88	88	88	88	88	88	88	88	88	
8550	0	0	0	0	1	3	9	11	17	20	25	26	28	31	33	37	40	47	49	51	59	64	66	71	76	80	83	84	85	86	86	86	86	87	88	88	88	88	88	88	88	88	88	88	88	88	88	88	88	88	88	88	
8560	0	0	0	0	1	3	7	11	18	21	22	27	29	33	37	41	43	48	51	54	56	63	66	73	77	79	81	84	85	86	87	87	88	88	88	88	88	88	88	88	88	88	88	88	88	88	88	88	88	88	88	88	
8570	0	0	0	1	2	4	5	11	16	21	24	31	35	37	38	41	45	46	50	55	57	62	67	72	76	78	80	83	86	86	86	86	86	87	87	87	87	87	87	87	87	87	87	87	87	87	87	87	87	87	87	87	
8580	0	0	0	0	1	3	7	10	16	20	23	27	30	33	39	45	46	50	52	54	59	65	68	70	79	82	83	84	85	88	89	89	89	89	89	89	89	89	89	89	89	89	89	89	89	89	89	89	89	89	89	89	
8590	0	0	0	0	1	6	6	11	16	18	22	25	28	33	37	41	44	47	52	55	57	61	63	70	76	78	81	83	85	86	88	88	88	88	88	88	88	88	88	88	88	88	88	88	88	88	88	88	88	88	88	88	
8600	0	0	0	0	2	6	9	14	16	18	21	23	30	34	37	41	45	48	49	55	63	66	68	73	76	79	82	85	85	89	89	89	89	89	89	89	89	89	89	89	89	89	89	89	89	89	89	89	89	89	89	89	
8610	0	0	0	2	2	5	9	15	16	18	22	24	32	36	38	43	44	47	50	55	59	64	68	71	74	77	80	86	86	89	89	89	89	89	89	89	89	89	89	89	89	89	89	89	89	89	89	89	89	89	89	89	
8620	0	0	0	1	2	4	8	15	16	18	20	23	28	31	36	38	44	46	51	54	55	57	67	71	79	81	83	85	87	87	87	88	88	88	88	88	88	88	88	88	88	88	88	88	88	88	88	88	88	88	88	88	
8630	0	0	0	1	2	4	9	16	18	19	21	24	26	31	35	40	45	48	51	53	57	62	67	72	78	80	82	85	86	88	88	88	88	88	88	88	88	88	88	88	88	88	88	88	88	88	88	88	88	88	88	88	
8640	0	0	0	1	1	2	8	16	16	17	22	24	26	33	35	41	44	45	51	54	58	63	69	71	74	78	82	85	87	88	88	88	88	88	88	88	88	88	88	88	88	88	88	88	88	88	88	88	88	88	88	88	
8650	0	0	0	1	3	4	9	11	16	19	21	24	25	31	34	42	45	47	49	56	59	65	71	74	76	81	85	85	87	88	89	89	89	89	89	89	89	89	89	89	89	89	89	89	89	89	89	89	89	89	89	89	
8660	0	0	0	1	2	2	5	14	17	19	24	28	29	32	34	35	43	48	50	55	61	63	68	74	75	77	81	84	87	88	88	88	88	88	88	88	88	88	88	88	88	88	88	88	88	88	88	88	88	88	88	88	
8670	0	0	0	1	1	1	4	13	16	19	21	24	28	33	35	38	45	47	50	54	60	65	67	71	78	80	86	86	87	89	89	89	89	89	89	89	89	89	89	89	89	89	89	89	89	89	89	89	89	89	89	89	
8680	0	0	0	1	3	4	7	13	15	18	20	25	29	35	36	41	44	48	50	52	60	60	65	71	75	79	82	85	87	88	88	88	88	88	88	88	88	88	88	88	88	88	88	88	88	88	88	88	88	88	88	88	
8690	0	0	0	1	2	5	7	13	15	18	22	26	34	35	35	37	41	44	46	53	57	63	67	70	74	78	82	84	86	88	88	88	88	88	88	88	88	88	88	88	88	88	88	88	88	88	88	88	88	88	88	88	
8700	0	0	0	1	2	5	6	10	14	18	26	28	30	33	36	39	41	42	47	54	59	61	65	71	77	82	85	86	87	88	88	88	88	88	88	88	88	88	88	88	88	88	88	88	88	88	88	88	88	88	88	88	
8710	0	0	0	0	2	3	6	9	13	16	21	29	32	33	34	36	41	41	46	50	56	59	65	69	74	76	81	86	87	87	87	88	88	88	88	88	88	88	88	88	88	88	88	88	88	88	88	88	88	88	88	88	
8720	0	0	0	2	2	4	6	8	13	18	23	27	29	32	33	34	41	45	47	54	59	63	67	69	72	80	82	83	86	87	87	87	88	88	88	88	88	88	88	88	88	88	88	88	88	88	88	88	88	88	88	88	
8730	0	0	0	0	1	2	4	11	13	18	23	26	30	32	33	37	40	42	47	51	57	60	65	74	75	80	83	85	86	87	88	88	88	88	88	88	88	88	88	88	88	88	88	88	88	88	88	88	88	88	88	88	
8740	0	0	0	1	1	3	5	8	14	19	24	27	29	32	34	38	40	44	46	52	56	64	67	73	74	77	80	82	85	86	87	87	87	87	87	87	87	87	87	87	87	87	87	87	87	87	87	87	87	87	87	87	
8750	0	0	0	0	0	6	10	11	16	18	25	28	28	30	32	37	42	43	45	48	53	58	68	72	74	75	76	80	84	85	86	87	87	87	87	87	87	87	87	87	87	87	87	87	87	87	87	87	87	87	87	87	
8760	0	0	0	0	3	4	7	11	13	19	22	28	29	31	32	35	37	40	47	49	54	59	64	70	75	77	79	79	84	86	86	86	87	87	87	87	87	87	87	87	87	87	87	87	87	87	87	87	87	87	87	87	
8770	0	0	0	0	2	4	7	11	20	21	23	24	27	30	31	36	38	42	46	52	56	64	68	72	74	74	77	81	84	86	87	87	87	87	87	87	87	87	87	87	87	87	87	87	87	87	87	87	87	87	87	87	
8780	0	0	1	3	3	5	8	11	19	22	24	27	28	31	33	35	39	40	45	52	61	64	67	69	73	75	80	83	84	86	87	87	87	87	87	87	87	87	87	87	87	87	87	87	87	87	87	87	87	87	87	87	
8790	0	0	0	2	3	5	8	12	15	21	24	26	28	31	35	37	39	40	46	53	56	62	69	72	77	79	79	82	83	85	87	87	87	87	87	87	87	87	87	87	87	87	87	87	87	87	87	87	87	87	87	87	
8800	0	0	0	2	2	2	4	11	15	16	22	28	29	32	33	37	41	47	50	54	56	62	68	72	72	75	80	83	85	87	87	87	87	87	87	87	87	87	87	87	87	87	87	87	87	87	87	87	87	87	87	87	
8810	0	0	0	1	2	3	6	9	14	20	26	28	31	32	34	38	41	44	48	52	59	62	68	71	75	79	81	81	83	85	86	87	87	87	87	87	87	87	87	87	87	87	87	87	87	87	87	87	87	87	87	87	
8820	0	0	0	0	0	2	4	9	14	17	19	26	28	33	36	40	45	46	50	54	58	60	67	74	75	79	80	82	85	87	87	87	87	87	87	87	87	87	87	87	87	87	87	87	87	87	87	87	87	87	87	87	
8830	0	0	0	1	2	2	4	6	12	17	22	25	28	31	35	38	41	44	49	53	59	64	68	74	78	80	80	82	83	84	86	86	86	87	87	87	87	87	87	87	87	87	87	87	87	87	87	87	87	87	87	87	
8840	0	0	0	0	2	3	4	6	13	21	23	24	27	30	35	41	44	49	52	54	59	64	65	72	75	79	81	82	84	86	87	87	88	88	88	88	88	88	88	88	88	88	88	88	88	88	88	88	88	88	88	88	
8850	0	0	0	0	0	1	4	6	11	19	22	23	28	32	36	39	41	45	47	53	60	65	70	71	74	77	81	82	84	86	87	87	87	87	87	87	87	87	87	87	87	87	87	87	87	87	87	87	87	87	87	87	
8860	0	0	0	0	0	3	4	8	16	21	23	26	28	30	34	38	44	48	50	54	62	66	68	72	75	79	83	84	85	87	87	89	89	89	89	89	89	89	89	89	89	89	89	89	89	89	89	89	89	89	89	89	
8870	0	0	0	0	0	1	5	7	14	18	22	24	25	29	34	35	44	49	53	58	62	65	65	71	74	76	82	83	84	85	87	88	88	88	88	88	88	88	88	88	88	88	88	88	88	88	88	88	88	88	88	88	
8880	0	0	0	0	0	1	3	7	12	17	18	23	25	29	33	37	41	50	56	59	61	65	67	67	74	81	82	83	85	86	88	88	88	88	88	88	88	88	88	88	88	88	88	88	88	88	88	88	88	88	88	88	
8890	0	0	0	0	0	2	3	6	11	16	19	25	25	28	32	38	43	46	52	56	58	62	66	68	77	80	82	82	86	88	88	88	88	88	88	88	88	88	88	88	88	88	88	88	88	88	88	88	88	88	88	88	
8900	0	0	0	1	2	3	4	6	11	17	19	24	26	31	35	39	45	48	51	56	61	64	69	73	74	77	79	83	83	84	85	86	87	87	87	87	87	87	87	87	87	87	87	87	87	87	87	87	87	87	87	87	
8910	0	0	0	0	2	5	6	6	11	17	21	24	27	29	33	36	42	49	49	54	62	64	67	74	76	80	82	82	84	86	86	87	88	88	88	88	88	88	88	88	88	88	88	88	88	88	88	88	88	88	88	88	
8920	0	0	0	1	1	3	6	7	13	16	18	23	28	32	33	36	42	45	51	54	60	65	68	71	74	80	82	83	83	84	86	87	87	87	87	87	87	87	87	87	87	87	87	87	87	87	87	87	87	87	87	87	
8930	0	0	0	0	1	3	4	6	13	15	20	22	25	30	32	36	42	46	52	55	60	66	70	72	75	79	80	82	82	84	85	86	87	87	87	87	87	87	87	87	87	87	87	87	87	87	87	87	87	87	87	87	
8940	0	0	0	0	3	4	5	8	12	15	18	22	24	28	29	34	41	46	54	57	63	65	71	73	75	81	82	82	83	84	87	87	88	88	88	88	88	88	88	88	88	88	88	88	88	88	88	88	88	88	88	88	
8950	0	0	0	0	1	3	5	9	13	13	21	23	27	29	31	38	44	47	55	57	58	62	67	73	77	79	81	84	86	87	87	88	88	89	89	89	89	89	89	89	89	89	89	89	89	89	89	89	89	89	89	89	
8960	0	0	0	0	2	4	7	11	13	17	23	25	28	28	32	37	39	46	53	55	59	61	66	72	78	80	81	81	85	86	89	89	89	89	89	89	89	89	89	89	89	89	89	89	89	89	89	89	89	89	89	89	
8970	0	0	0	2	2	3	4	7	13	16	22	24	26	28	33	37	40	45	49	54	64	68	69	73	75	78	83	84	87	87	88	89	89	89	89	89	89	89	89	89	89	89	89	89	89	89	89	89	89	89	89	89	
8980	0	0	0	1	1	2	4	9	14	17	20	22	26	29	32	35	38	44	49	54	61	65	70	72	72	74	80	82	85	87	88	89	89	89	89	89	89	89	89	89	89	89	89	89	89	89	89	89	89	89	89	89	
8990	0	0	0	0	0	0	3	10	14	17	21	24	27	31	33	35	37	44	52	58	60	62	66	68	74	78	80	82	85	87	88	89	89	89	89	89	89	89	89	89	89	89	89	89	89	89	89	89	89	89	89	89	
9000	0	0	0	0	0	0	8	10	15	16	17	20	28	31	33	36	43	48	51	55	56	61	66	71	73	74	77	83	87	88	88	88	89	89	89	89	89	89	89	89	89	89	89	89	89	89	89	89	89	89	89	89	
9010	0	0	1	1	2	5	6	10	12	15	17	19	25	30	32	34	38	41	50	55	58	64	67	70	72	75	78	83	86	86	87	87	88	88	88	88	88	88	88	88	88	88	88	88	88	88	88	88	88	88	88	88	
9020	0	0	0	0	0	4	6	10	14	16	18	20	26	29	34	38	41	46	48	55	58	60	66	70	75	75	77	82	84	86	87	87	88	88	88	88	88	88	88	88	88	88	88	88	88	88	88	88	88	88	88	88	
9030	0	0	0	0	0	4	10	13	14	16	17	20	26	27	32	36	41	45	50	53	59	63	65	69	69	74	80	83	84	85	87	88	88	88	88	88	88	88	88	88	88	88	88	88	88	88	88	88	88	88	88	88	
9040	0	1	1	1	2	6	8	12	14	16	18	21	26	30	34	38	45	49	52	57	60	65	67	72	76	77	80	83	84	85	88	88	88	88	89	89	89	89	89	89	89	89	89	89	89	89	89	89	89	89	89	89	
9050	0	0	0	0	0	2	6	10	15	18	19	23	27	30	35	39	42	45	52	53	57	64	66	69	72	75	78	81	84	86	86	87	87	87	88	88	88	88	88	88	88	88	88	88	88	88	88	88	88	88	88	88	
9060	0	0	0	0	1	6	7	11	15	18	21	24	26	29	32	34	38	46	52	56	61	64	67	68	73	78	81	85	86	87	87	87	87	88	88	89	89	89	89	89	89	89	89	89	89	89	89	89	89	89	89	89	
9070	0	0	0	0	1	3	6	10	12	17	19	24	30	32	34	41	44	47	51	52	60	62	64	69	71	73	77	80	84	84	86	86	86	88	88	88	88	88	88	88	88	88	88	88	88	88	88	88	88	88	88	88	
9080	0	0	0	0	1	2	5	9	13	14	23	24	28	30	35	43	47	52	57	59	60	63	66	70	74	76	79	81	86	86	86	86	87	87	87	88	88	88	88	88	88	88	88	88	88	88	88	88	88	88	88	88	
9090	0	0	0	1	1	3	6	9	14	17	21	24	28	31	36	39	45	45	51	56	60	65	67	70	72	76	80	82	84	86	86	87	88	88	88	88	88	88	88	88	88	88	88	88	88	88	88	88	88	88	88	88	
9100	0	0	0	0	1	2	4	7	11	15	19	23	26	32	36	43	44	48	53	56	59	62	63	67	74	75	78	83	85	87	87	87	88	88	88	88	88	88	88	88	88	88	88	88	88	88	88	88	88	88	88	88	
9110	0	0	0	0	0	1	6	10	13	15	18	25	28	30	34	40	45	49	52	56	58	60	64	67	74	75	79	80	84	86	87	88	88	88	88	88	88	88	88	88	88	88	88	88	88	88	88	88	88	88	88	88	
9120	0	0	0	1	1	2	6	10	12	14	17	18	25	32	37	40	44	48	53	55	57	61	62	66	71	75	78	81	85	87	87	87	87	87	88	88	88	88	88	88	88	88	88	88	88	88	88	88	88	88	88	88	
9130	0	0	0	0	2	4	6	8	12	14	19	23	27	29	32	42	45	49	52	56	58	61	64	70	71	75	79	81	86	86	87	87	87	87	87	88	88	88	88	88	88	88	88	88	88	88	88	88	88	88	88	88	
9140	0	0	0	1	1	4	5	7	12	15	20	20	23	27	33	40	46	47	49	55	57	59	61	67	70	75	78	81	84	86	86	87	88	88	88	88	88	88	88	88	88	88	88	88	88	88	88	88	88	88	88	88	
9150	0	0	0	0	1	2	6	9	12	15	21	23	23	27	34	39	42	46	48	52	53	59	65	66	69	74	77	81	84	86	87	88	88	88	88	88	88	88	88	88	88	88	88	88	88	88	88	88	88	88	88	88	
9160	0	0	0	0	1	3	6	10	14	15	18	21	25	29	33	39	44	47	49	51	57	60	65	66	68	73	78	81	84	86	88	88	88	88	88	88	88	88	88	88	88	88	88	88	88	88	88	88	88	88	88	88	
9170	0	0	0	0	2	3	7	11	15	18	18	21	25	31	33	38	45	49	51	56	59	65	65	67	71	76	79	81	85	86	86	87	88	88	88	88	88	88	88	88	88	88	88	88	88	88	88	88	88	88	88	88	
9180	0	0	0	0	2	5	6	10	14	17	20	21	23	30	32	39	43	48	52	56	58	60	65	70	71	75	80	82	86	86	86	88	88	88	88	88	88	88	88	88	88	88	88	88	88	88	88	88	88	88	88	88	
9190	0	0	0	0	1	4	6	9	11	18	20	23	26	28	32	37	41	43	48	54	58	63	66	71	76	77	82	86	88	89	89	89	89	89	89	89	89	89	89	89	89	89	89	89	89	89	89	89	89	89	89	89	
9200	0	0	0	1	1	3	8	11	16	20	20	23	24	26	30	36	39	43	48	51	54	63	68	73	74	78	81	83	86	88	88	88	88	88	88	88	88	88	88	88	88	88	88	88	88	88	88	88	88	88	88	88	
9210	0	0	0	0	1	1	4	9	12	15	21	21	24	25	32	35	41	46	53	54	55	58	67	69	72	75	78	83	84	87	88	88	88	88	88	88	88	88	88	88	88	88	88	88	88	88	88	88	88	88	88	88	
9220	0	0	0	1	1	3	4	12	12	16	22	23	25	25	31	34	42	46	49	54	55	60	65	69	73	75	79	80	84	87	88	88	88	88	88	88	88	88	88	88	88	88	88	88	88	88	88	88	88	88	88	88	
9230	0	0	0	1	2	4	7	10	13	19	22	24	26	28	33	36	42	44	46	51	56	61	65	69	71	76	80	82	84	87	87	88	88	88	88	88	88	88	88	88	88	88	88	88	88	88	88	88	88	88	88	88	
9240	0	0	0	0	1	3	5	8	13	18	20	24	24	28	34	40	42	44	45	51	53	61	63	70	71	76	79	82	84	87	88	88	88	88	88	88	88	88	88	88	88	88	88	88	88	88	88	88	88	88	88	88	
9250	0	0	0	1	1	1	5	11	14	17	19	23	27	29	35	40	44	45	46	50	55	58	63	66	73	75	75	81	85	86	87	88	88	88	88	88	88	88	88	88	88	88	88	88	88	88	88	88	88	88	88	88	
9260	0	0	0	0	2	3	4	6	13	19	24	24	27	33	34	37	40	44	46	51	54	58	61	65	69	77	78	78	82	85	87	88	88	88	88	88	88	88	88	88	88	88	88	88	88	88	88	88	88	88	88	88	
9270	0	0	0	0	1	3	5	9	14	17	20	22	25	30	33	38	41	43	45	47	53	58	61	71	73	76	79	82	85	87	87	88	88	88	88	88	88	88	88	88	88	88	88	88	88	88	88	88	88	88	88	88	
9280	0	0	0	0	2	5	5	8	13	17	22	27	28	29	31	35	40	44	47	49	53	59	66	69	71	74	77	84	87	87	87	87	87	87	87	87	87	87	87	87	87	87	87	87	87	87	87	87	87	87	87	87	
9290	0	0	0	1	2	5	7	9	10	18	22	23	29	32	34	39	42	45	47	51	57	58	63	66	71	76	81	83	86	86	88	88	88	88	88	88	88	88	88	88	88	88	88	88	88	88	88	88	88	88	88	88	
9300	0	0	0	0	2	3	7	11	16	20	23	23	28	32	33	37	42	45	49	52	56	62	65	68	71	75	77	85	88	88	88	88	88	88	88	88	88	88	88	88	88	88	88	88	88	88	88	88	88	88	88	88	
9310	0	0	0	0	3	4	7	10	14	21	23	24	25	29	33	36	38	43	47	52	57	63	69	72	75	80	83	85	86	88	88	88	88	88	88	88	88	88	88	88	88	88	88	88	88	88	88	88	88	88	88	88	
9320	0	0	0	0	0	4	8	10	14	19	20	22	25	27	30	35	41	43	45	50	53	59	63	70	74	79	81	84	87	87	87	88	88	88	88	88	88	88	88	88	88	88	88	88	88	88	88	88	88	88	88	88	
9330	0	0	0	0	2	5	6	8	13	16	20	23	24	28	30	32	41	44	46	49	53	60	66	70	75	80	83	84	87	88	88	88	88	88	88	88	88	88	88	88	88	88	88	88	88	88	88	88	88	88	88	88	
9340	0	0	0	0	1	4	6	9	13	17	18	21	23	29	31	36	40	41	45	52	54	55	64	72	80	83	85	86	88	88	88	88	88	88	88	88	88	88	88	88	88	88	88	88	88	88	88	88	88	88	88	88	
9350	0	0	0	0	3	6	6	8	14	17	21	22	26	29	32	35	37	43	48	53	54	58	67	72	80	81	85	88	88	88	88	88	88	88	88	88	88	88	88	88	88	88	88	88	88	88	88	88	88	88	88	88	
9360	0	0	1	3	4	4	6	12	15	18	21	23	24	32	36	37	40	45	48	51	53	62	66	71	76	82	87	87	88	88	88	88	88	88	88	88	88	88	88	88	88	88	88	88	88	88	88	88	88	88	88	88	
9370	0	0	0	0	1	2	6	9	16	19	20	21	23	29	34	36	38	44	49	54	57	63	65	69	73	78	86	87	88	88	88	88	88	88	88	88	88	88	88	88	88	88	88	88	88	88	88	88	88	88	88	88	
9380	0	0	0	0	2	4	5	8	15	17	20	23	27	27	32	36	39	44	49	54	57	59	62	71	75	80	83	84	85	87	88	88	88	88	88	88	88	88	88	88	88	88	88	88	88	88	88	88	88	88	88	88	
9390	0	0	0	1	4	6	9	11	14	18	21	22	28	31	36	38	40	45	51	53	57	60	64	69	74	81	82	85	88	88	88	88	88	88	88	88	88	88	88	88	88	88	88	88	88	88	88	88	88	88	88	88	
9400	0	0	1	1	2	3	8	12	16	20	20	22	28	31	35	39	40	41	50	52	55	62	64	72	76	77	82	84	87	88	88	88	88	88	88	88	88	88	88	88	88	88	88	88	88	88	88	88	88	88	88	88	
9410	0	0	1	1	2	3	7	9	17	19	22	23	24	29	32	34	37	41	47	53	55	62	69	69	75	78	82	84	85	88	88	88	88	88	88	88	88	88	88	88	88	88	88	88	88	88	88	88	88	88	88	88	
9420	0	0	0	0	1	5	8	12	16	19	20	24	26	30	34	35	40	43	47	53	55	60	66	72	76	79	81	87	87	88	88	88	88	88	88	88	88	88	88	88	88	88	88	88	88	88	88	88	88	88	88	88	
9430	0	0	1	1	2	3	6	11	18	20	22	23	26	28	36	37	39	43	47	50	55	63	65	70	74	77	84	87	89	89	89	89	89	89	89	89	89	89	89	89	89	89	89	89	89	89	89	89	89	89	89	89	
9440	0	0	1	1	1	4	7	8	11	17	19	24	26	30	35	40	42	46	49	51	57	61	63	69	74	77	83	87	88	89	89	89	89	89	89	89	89	89	89	89	89	89	89	89	89	89	89	89	89	89	89	89	
9450	0	0	0	1	1	3	6	7	15	18	19	21	25	30	32	36	42	48	50	54	56	58	60	67	73	76	82	86	88	88	89	89	89	89	89	89	89	89	89	89	89	89	89	89	89	89	89	89	89	89	89	89	
9460	0	0	0	0	1	4	7	8	14	17	20	22	26	30	32	36	41	44	46	52	56	61	64	69	73	79	82	86	87	87	88	89	89	89	89	89	89	89	89	89	89	89	89	89	89	89	89	89	89	89	89	89	
9470	0	0	0	1	2	4	5	9	14	17	22	24	24	30	34	38	43	45	46	51	53	57	59	67	73	78	83	85	85	86	87	87	88	88	88	88	88	88	88	88	88	88	88	88	88	88	88	88	88	88	88	88	
9480	0	0	0	1	2	2	3	9	11	18	22	24	26	31	34	35	43	45	48	50	56	59	66	70	78	80	83	85	86	87	89	89	89	89	89	89	89	89	89	89	89	89	89	89	89	89	89	89	89	89	89	89	
9490	0	0	0	1	2	3	7	8	11	17	19	22	27	30	34	39	42	45	47	50	54	59	62	64	74	79	81	86	86	86	86	87	88	88	88	88	88	88	88	88	88	88	88	88	88	88	88	88	88	88	88	88	
9500	0	0	0	1	2	4	6	10	17	22	24	25	27	30	34	39	39	43	45	49	52	58	62	69	74	76	79	83	84	86	86	87	87	87	88	88	88	88	88	88	88	88	88	88	88	88	88	88	88	88	88	88	
9510	0	1	1	1	1	4	5	10	17	20	21	23	25	29	33	37	42	46	50	52	56	59	66	68	75	78	80	84	86	87	88	88	88	88	89	89	89	89	89	89	89	89	89	89	89	89	89	89	89	89	89	89	
9520	0	0	0	0	2	5	8	9	17	19	22	23	28	30	31	36	40	44	47	54	55	63	64	68	71	77	79	81	85	86	87	87	88	89	89	89	89	89	89	89	89	89	89	89	89	89	89	89	89	89	89	89	
9530	0	0	0	0	2	2	5	11	15	16	19	26	30	31	33	38	39	45	49	56	57	64	66	69	72	77	80	82	85	86	88	89	89	89	89	89	89	89	89	89	89	89	89	89	89	89	89	89	89	89	89	89	
9540	0	0	0	1	1	2	6	9	13	17	19	20	27	31	33	36	38	42	46	49	53	60	64	72	74	78	81	82	84	84	87	87	88	88	88	88	88	88	88	88	88	88	88	88	88	88	88	88	88	88	88	88	
9550	0	0	0	0	2	3	5	10	13	16	18	19	28	30	34	35	38	41	45	51	57	64	68	70	73	76	82	83	84	85	86	88	89	89	89	89	89	89	89	89	89	89	89	89	89	89	89	89	89	89	89	89	
9560	0	0	0	0	0	4	6	9	15	18	22	24	28	31	34	35	39	43	46	49	55	60	65	69	76	76	79	80	82	85	86	87	88	88	88	88	88	88	88	88	88	88	88	88	88	88	88	88	88	88	88	88	
9570	0	0	0	1	1	4	5	11	16	17	21	24	24	25	28	29	37	42	46	53	55	63	70	74	77	78	81	83	84	86	87	88	88	88	88	88	88	88	88	88	88	88	88	88	88	88	88	88	88	88	88	88	
9580	0	0	0	1	2	4	9	10	14	15	18	23	24	27	30	36	38	45	49	53	56	65	68	72	75	83	84	85	85	87	89	89	89	89	89	89	89	89	89	89	89	89	89	89	89	89	89	89	89	89	89	89	
9590	0	0	0	0	1	1	5	12	15	16	19	22	26	29	31	35	36	47	51	53	57	61	67	68	75	79	82	83	83	89	89	89	89	89	89	89	89	89	89	89	89	89	89	89	89	89	89	89	89	89	89	89	
9600	0	0	0	0	1	1	5	11	17	18	19	21	23	26	32	34	38	42	47	51	57	63	65	70	75	80	81	83	85	85	88	89	89	89	89	89	89	89	89	89	89	89	89	89	89	89	89	89	89	89	89	89	
9610	0	1	1	1	1	2	4	9	15	16	21	23	23	27	30	36	38	41	45	53	56	59	64	67	75	81	82	82	86	86	88	88	89	89	89	89	89	89	89	89	89	89	89	89	89	89	89	89	89	89	89	89	
9620	0	0	0	0	0	0	6	11	14	19	22	24	24	28	30	35	40	43	50	52	55	57	64	70	79	80	81	85	87	88	89	89	89	89	89	89	89	89	89	89	89	89	89	89	89	89	89	89	89	89	89	89	
9630	0	0	0	0	1	3	6	13	17	18	20	21	23	29	34	38	39	42	46	52	57	61	67	71	76	83	86	86	87	87	88	89	89	89	89	89	89	89	89	89	89	89	89	89	89	89	89	89	89	89	89	89	
9640	0	0	0	0	1	4	8	11	15	18	20	20	27	30	34	36	39	44	49	54	58	66	71	73	76	79	84	85	87	87	88	89	89	89	89	89	89	89	89	89	89	89	89	89	89	89	89	89	89	89	89	89	
9650	0	0	0	2	2	2	9	11	16	19	20	21	22	29	34	38	43	44	48	55	60	62	71	79	79	81	82	85	87	87	88	89	89	89	89	89	89	89	89	89	89	89	89	89	89	89	89	89	89	89	89	89	
9660	0	0	0	1	1	5	8	9	14	18	20	24	25	28	31	36	40	44	51	55	59	66	67	72	78	81	82	83	85	87	87	87	88	88	89	89	89	89	89	89	89	89	89	89	89	89	89	89	89	89	89	89	
9670	0	0	0	2	2	5	7	10	14	15	18	22	23	24	32	35	41	44	46	52	57	63	70	74	75	81	81	85	86	87	88	89	89	89	89	89	89	89	89	89	89	89	89	89	89	89	89	89	89	89	89	89	
9680	0	0	1	2	3	6	7	12	13	17	21	22	23	26	31	37	38	42	46	53	60	66	74	76	77	82	84	85	85	87	87	88	89	89	89	89	89	89	89	89	89	89	89	89	89	89	89	89	89	89	89	89	
9690	0	0	1	1	4	4	9	11	15	17	20	22	25	27	31	36	39	42	47	53	57	68	69	73	76	79	80	83	85	86	87	87	87	88	89	89	89	89	89	89	89	89	89	89	89	89	89	89	89	89	89	89	
9700	0	0	0	0	2	3	6	13	16	18	20	21	22	25	30	39	42	45	48	54	58	66	68	71	75	80	84	84	84	85	88	89	89	89	89	89	89	89	89	89	89	89	89	89	89	89	89	89	89	89	89	89	
9710	0	0	0	1	4	6	7	11	15	19	19	20	23	28	32	37	41	44	50	59	61	65	68	72	76	79	83	84	85	86	89	89	89	89	89	89	89	89	89	89	89	89	89	89	89	89	89	89	89	89	89	89	
9720	0	0	1	2	2	5	9	11	14	18	20	21	22	28	34	37	42	46	49	52	63	63	68	71	77	80	83	84	85	86	87	88	89	89	89	89	89	89	89	89	89	89	89	89	89	89	89	89	89	89	89	89	
9730	0	0	0	1	3	4	6	11	15	20	20	22	23	26	30	38	42	45	49	52	58	64	69	74	77	77	81	83	85	86	88	89	89	89	89	89	89	89	89	89	89	89	89	89	89	89	89	89	89	89	89	89	
9740	0	0	1	1	2	3	6	10	12	16	19	21	22	26	32	37	41	46	48	54	58	67	67	70	76	79	79	82	85	86	88	88	89	89	89	89	89	89	89	89	89	89	89	89	89	89	89	89	89	89	89	89	
9750	0	0	0	1	2	5	6	10	16	18	19	21	26	28	31	38	43	45	50	55	61	65	66	71	74	79	81	83	85	86	86	87	88	88	89	89	89	89	89	89	89	89	89	89	89	89	89	89	89	89	89	89	
9760	0	0	0	1	3	5	8	11	12	17	20	22	23	29	33	37	44	50	53	57	59	61	66	68	75	78	80	83	83	84	87	88	89	89	89	89	89	89	89	89	89	89	89	89	89	89	89	89	89	89	89	89	
9770	0	0	0	0	1	3	7	10	15	18	20	21	23	27	31	35	40	41	51	56	61	64	68	72	76	82	83	83	85	86	86	87	89	89	89	89	89	89	89	89	89	89	89	89	89	89	89	89	89	89	89	89	
9780	0	0	0	0	1	1	4	8	12	16	18	22	24	28	32	37	42	48	51	55	61	64	68	75	78	82	83	83	85	86	86	87	87	88	89	89	89	89	89	89	89	89	89	89	89	89	89	89	89	89	89	89	
9790	0	0	1	1	2	3	5	7	12	18	23	24	28	29	33	39	41	46	51	54	56	65	65	72	77	80	80	82	83	84	85	85	87	87	88	89	89	89	89	89	89	89	89	89	89	89	89	89	89	89	89	89	
9800	0	0	0	1	1	5	6	9	15	20	22	24	28	30	34	36	42	45	48	51	58	62	68	71	77	78	80	83	83	84	85	85	85	89	89	89	89	89	89	89	89	89	89	89	89	89	89	89	89	89	89	89	
9810	0	0	1	1	3	4	4	10	18	21	22	22	23	29	35	38	42	47	50	54	58	62	65	74	77	78	80	81	83	84	85	88	88	89	89	89	89	89	89	89	89	89	89	89	89	89	89	89	89	89	89	89	
9820	0	0	0	1	1	3	6	13	15	18	20	21	25	29	35	37	42	44	48	54	56	67	69	74	77	79	82	83	85	85	85	86	87	88	89	89	89	89	89	89	89	89	89	89	89	89	89	89	89	89	89	89	
9830	0	0	0	0	0	2	4	10	16	19	22	25	28	30	33	37	42	47	51	55	62	66	74	79	79	82	85	85	86	87	87	87	88	89	89	89	89	89	89	89	89	89	89	89	89	89	89	89	89	89	89	89	
9840	0	0	0	0	2	3	6	12	14	18	18	24	25	29	34	39	40	43	49	54	56	65	68	73	76	79	80	82	83	85	86	86	88	88	89	89	89	89	89	89	89	89	89	89	89	89	89	89	89	89	89	89	
9850	0	0	0	1	3	4	8	11	14	16	20	24	24	26	34	35	40	44	46	55	61	65	71	74	78	81	84	86	86	86	87	88	89	89	89	89	89	89	89	89	89	89	89	89	89	89	89	89	89	89	89	89	
9860	0	0	0	1	1	7	11	11	15	17	19	24	24	29	34	38	40	40	48	54	60	64	67	72	77	78	82	85	85	86	87	87	87	89	89	89	89	89	89	89	89	89	89	89	89	89	89	89	89	89	89	89	
9870	0	0	0	1	2	4	9	12	16	18	20	21	23	24	28	32	38	44	49	55	57	64	72	75	80	82	82	83	84	85	87	87	87	88	89	89	89	89	89	89	89	89	89	89	89	89	89	89	89	89	89	89	
9880	0	0	0	0	1	4	7	9	12	18	18	22	24	26	28	34	39	44	49	53	56	63	70	76	77	79	80	83	83	84	86	86	87	87	87	88	88	88	88	88	88	88	88	88	88	88	88	88	88	88	88	88	
9890	0	0	0	0	2	3	6	10	17	17	19	21	24	27	30	33	38	45	48	50	58	68	72	77	78	80	81	84	86	86	86	88	88	88	89	89	89	89	89	89	89	89	89	89	89	89	89	89	89	89	89	89	
9900	0	0	0	1	1	3	4	10	15	19	20	23	24	25	29	36	38	41	47	51	59	64	70	76	78	79	80	82	83	84	86	87	88	88	89	89	89	89	89	89	89	89	89	89	89	89	89	89	89	89	89	89	
9910	0	0	0	0	1	4	4	5	15	17	20	21	22	25	30	34	39	43	50	55	59	64	71	74	79	79	81	81	85	85	87	87	87	87	87	87	87	88	89	89	89	89	89	89	89	89	89	89	89	89	89	89	
9920	0	0	0	0	1	4	5	9	14	16	19	21	22	24	31	33	36	42	48	53	60	66	70	76	79	80	82	83	86	86	86	86	87	87	87	87	89	89	89	89	89	89	89	89	89	89	89	89	89	89	89	89	
9930	0	0	0	0	0	2	4	8	13	18	20	21	23	29	32	33	36	40	47	51	56	61	70	74	77	81	82	83	85	86	86	86	86	87	88	88	89	89	89	89	89	89	89	89	89	89	89	89	89	89	89	89	
9940	0	0	0	0	0	1	4	8	15	16	20	22	24	25	31	35	38	43	52	53	55	62	69	73	78	81	84	85	85	86	86	86	87	88	88	88	89	89	89	89	89	89	89	89	89	89	89	89	89	89	89	89	
9950	0	0	0	0	0	1	3	10	15	18	19	24	25	27	30	33	37	39	44	50	58	69	72	76	77	79	81	84	86	86	86	88	88	88	89	89	89	89	89	89	89	89	89	89	89	89	89	89	89	89	89	89	
9960	0	0	0	0	0	0	2	10	15	20	20	20	23	28	31	37	39	44	47	52	59	67	68	72	74	78	80	82	84	85	87	87	88	88	88	88	88	89	89	89	89	89	89	89	89	89	89	89	89	89	89	89	
9970	0	0	0	0	0	2	5	9	15	18	21	21	22	25	31	38	41	45	48	52	57	65	71	76	76	77	80	83	84	87	88	88	88	88	88	88	89	89	89	89	89	89	89	89	89	89	89	89	89	89	89	89	
9980	0	0	0	0	0	1	5	11	13	18	20	23	23	24	30	34	43	45	49	54	59	68	72	74	76	78	82	82	85	85	86	88	88	88	89	89	89	89	89	89	89	89	89	89	89	89	89	89	89	89	89	89	
9990	0	0	0	0	1	3	7	11	16	20	21	23	24	28	30	38	41	48	53	56	59	65	71	76	80	82	84	84	84	86	86	88	89	89	90	90	90	90	90	90	90	90	90	90	90	90	90	90	90	90	90	90	
10000	0	0	0	0	2	3	4	10	14	16	21	25	25	28	32	35	40	45	50	57	62	69	75	76	77	79	80	83	83	83	86	87	88	88	89	89	89	89	89	89	89	89	89	89	89	89	89	89	89	89	89	89	
